"name","sA","rA","sC","rC","sG","rG","sH","rH"
"Rafael Nadal","67.3483","42.2458","66.2967","46.6367","70.5108","36.8694","67.5901","40.2208"
"Roger Federer","69.257","39.7059","66.991","40.7752","71.7373","38.5629","69.6598","39.7118"
"Novak Djokovic","66.8993","41.8593","64.9234","43.442","69.2691","39.1139","67.2686","41.8877"
"Pete Sampras","69.4604","38.0068","64.5626","38.1309","72.9613","37.1798","69.9866","38.367"
"Andy Roddick","71.2201","35.773","67.4199","38.244","72.6772","34.263","71.5008","35.9012"
"Andy Murray","64.7821","41.9491","61.6513","42.8134","69.0695","39.6514","64.6217","42.3497"
"Stefan Edberg","64.8922","41.2282","62.0768","41.8551","66.0936","40.8932","65.3278","41.838"
"Juan Martin Del Potro","66.5393","38.9992","64.5696","40.9075","69.3141","37.2896","66.609","38.7933"
"Jim Courier","66.3095","39.2863","64.8718","41.7628","65.7855","36.304","66.8708","39.6922"
"Michael Stich","66.8236","38.243","64.0004","40.3683","70.5925","36.6636","66.6751","38.4919"
"Lleyton Hewitt","64.0268","41.1005","59.909","42.7137","67.3814","40.0122","64.2459","41.0085"
"Tomas Berdych","66.7189","38.4622","64.6416","39.9031","70.0809","35.4791","66.9336","38.4804"
"Guillermo Coria","61.5303","43.5462","60.9178","45.4033","63.4538","37.8238","62.1628","42.1213"
"David Ferrer","62.7858","42.1374","61.5328","44.1885","66.214","38.9888","63.3174","41.1293"
"Robin Soderling","66.4636","37.8096","63.6755","40.3459","67.0086","34.5771","67.4693","37.2734"
"Milos Raonic","71.406","33.2853","68.3173","35.5269","74.9248","31.5987","71.88","32.8559"
"Thomas Muster","63.2129","41.8333","62.7994","44.4135","63.0397","34.0909","63.6201","38.9941"
"Jo-Wilfried Tsonga","68.0475","35.8614","65.3041","37.7132","70.673","33.2476","68.2973","35.925"
"Patrick Rafter","66.5329","37.5863","63.3673","38.0017","68.7297","37.6819","66.6413","37.8934"
"Richard Gasquet","65.8114","38.3178","63.5727","40.0237","69.2561","36.6038","66.0005","37.9892"
"Todd Martin","66.1686","37.8289","63.5246","39.3348","68.1679","37.6699","66.4817","37.7478"
"Aljaz Bedene","61.5937","35.6327","59.4303","36.7304","66.8258","29.1111","62.6286","36.0394"
"John McEnroe","64.4344","39.3987","60.2713","36.8217","67.4504","37.0056","63.8175","41.48"
"Nikolay Davydenko","61.5536","39.7295","60.0155","39.1607","62.8057","32.4288","62.0222","40.4448"
"David Goffin","61.2744","38.5849","60.7071","40.4916","63.1336","32.6025","61.2179","38.6515"
"Tim Henman","64.4415","39.1558","60.8911","40.1458","65.8271","39.2302","64.5337","39.2321"
"David Nalbandian","62.7275","40.2073","62.1302","40.6135","65.4762","38.1174","62.4486","40.4585"
"Kei Nishikori","63.3333","39.7233","63.257","42.1294","65.2939","37.073","63.0288","39.4715"
"Sergi Bruguera","61.9187","41.6061","62.2192","43.9274","60.8421","33.2574","61.8706","39.7174"
"Marin Cilic","65.2362","38.1641","63.5799","39.2595","67.0027","35.3885","65.6811","38.3733"
"Gustavo Kuerten","65.2774","38.0522","63.3694","41.4095","67.5421","33.77","66.5495","35.87"
"Guillaume Rufin","60.4883","35.7717","58.2531","36.4609","61.4267","34.6705","61.6999","35.7339"
"Pablo Cuevas","62.623","37.3337","62.9516","38.4454","61.2091","33.6022","62.0537","35.3187"
"Mario Ancic","58.6387","35.5191","53.4884","39.7059","0","0","60.1351","34.5638"
"Kevin Anderson","67.4787","34.7073","65.7148","35.5583","69.0253","33.4592","67.7787","34.6447"
"Tommy Haas","65.2965","37.7573","63.1059","39.3109","68.4886","34.2264","65.5529","37.9456"
"Goran Ivanisevic","67.9389","35.1391","63.1844","38.2816","72.785","33.1502","66.3521","35.0998"
"Juan Carlos Ferrero","64.1071","39.181","62.6164","43.0673","65.862","35.26","65.1446","36.2296"
"Federico Delbonis","63.3392","36.5241","64.1239","38.3232","63.285","25.6281","61.1056","32.2069"
"Guy Forget","66.8833","36.2325","60.7716","37.5605","69.1138","32.7575","67.5286","37.489"
"Nicolas Almagro","65.8353","37.3104","65.6329","39.3304","68.9655","31.2843","65.636","34.9867"
"Ricardas Berankis","62.6116","35.4081","61.4738","34.3647","66.4606","30.3406","62.4711","36.3495"
"Yevgeny Kafelnikov","63.1765","39.758","60.157","41.0135","65.0091","37.427","63.437","39.5727"
"Julian Reister","60.2821","36.2696","59.915","38.0242","62.6031","34.0594","57.0388","31.3559"
"Blaz Kavcic","58.7075","38.1539","57.3299","39.7407","58.5266","31.3779","59.7666","38.1715"
"Grigor Dimitrov","65.8379","36.4108","65.0054","38.0698","68.1622","35.7212","65.5564","35.9151"
"Pablo Carreno Busta","60.7483","37.7409","60.5497","39.0073","49","35.3448","61.8421","35.2611"
"Sebastien Grosjean","63.4777","39.3203","60.372","41.6428","66.1863","38.96","63.8635","38.5438"
"Andrey Kuznetsov","60.6616","36.3246","59.4068","36.4859","64.1679","35.5301","59.9502","36.6174"
"Stan Wawrinka","64.6823","38.2199","63.8192","39.8773","66.3776","34.1362","64.9386","37.8313"
"Magnus Gustafsson","61.6765","41.3662","60.7358","43.2344","61.0193","38.4563","61.6452","40.0471"
"MaliVai Washington","63.732","38.9842","62.1751","39.3968","66.03","35.2925","63.4835","39.7445"
"Alex Corretja","62.246","40.4959","61.6056","42.379","60.8911","33.8109","63.4923","38.2886"
"Radek Stepanek","64.562","37.491","62.9229","38.7776","66.3203","36.2142","64.5024","37.492"
"Jiri Vesely","63.9464","35.5925","63.3691","36.1422","69.8182","28.5185","63.8651","35.8624"
"Guillermo Canas","62.5786","40.2896","62.135","41.9958","64.8343","38.2893","62.6311","39.15"
"Petr Korda","62.0916","40.5071","58.3824","41.7183","64.5945","38.9623","62.2769","40.7088"
"Roberto Bautista Agut","63.1189","39.2609","62.6319","40.951","65.2529","38.1513","63.001","38.6143"
"Carlos Moya","63.6096","38.82","62.7277","41.3651","65.2429","36.0481","64.536","36.4407"
"Fernando Verdasco","64.5628","38.3064","63.2113","40.3909","67.5543","34.9543","64.8517","37.471"
"James Blake","63.6213","38.34","60.8736","38.1615","63.7948","36.0274","64.1962","38.8396"
"Aleksandr Nedovyesov","61.9586","32.8508","62.236","33.701","65.6","32.0896","60.9351","31.9249"
"Fernando Gonzalez","65.0639","34.1895","63.8041","35.3907","72.695","32.2581","64.9107","33.0153"
"Gael Monfils","64.088","38.5732","62.1303","40.5991","67.7232","35.5905","64.5992","37.9853"
"Carlos Berlocq","59.8693","39.0239","60.2326","41.1872","61.5023","31.0897","58.6311","36.5732"
"Tommy Robredo","63.3925","38.8528","62.4986","41.6718","65.4423","35.2186","63.9739","37.0975"
"Wayne Ferreira","63.8026","38.6068","61.2667","39.8604","65.3369","39.1087","64.5458","38.4435"
"Andrei Medvedev","61.8593","40.5664","60.9342","42.7475","64.1341","36.3636","62.678","39.9052"
"Rui Machado","57.2527","37.831","57.6611","39.6765","54.8077","25.3012","56.422","33.4016"
"Thiemo de Bakker","64.0389","33.7618","62.8076","35.4224","66.4861","30.2469","64.0249","33.8358"
"Pere Riba","57.9953","35.1583","57.9379","37.0239","60.452","25.8454","57.234","32.6007"
"Xavier Malisse","64.0212","37.042","61.1702","35.9695","66.8276","38.3348","63.5415","36.7462"
"Mardy Fish","65.8046","36.4986","61.2549","37.2039","68.6267","35.5532","65.8835","36.7326"
"Tim Smyczek","60.2756","37.051","53.3693","33.2326","60","34.1991","60.8135","37.5647"
"Matthias Bachinger","62.1588","35.324","59.421","37.0708","63.3956","30.9904","63.7132","35.1441"
"Javier Frana","64.7085","37.7001","64.112","39.4758","67.7677","37.2452","63.1986","36.9615"
"Cedrik-Marcel Stebe","57.0335","38.1584","54.5709","41.2115","59.6026","37.0717","58.0524","35.7576"
"Albert Costa","62.6916","39.27","62.4709","41.3828","62.1324","34.8678","63.2317","36.3871"
"Steve Darcis","62.5737","35.9309","61.5235","36.054","66.3158","34.7085","61.9812","36.3585"
"Jurgen Zopp","60.1652","33.6508","58.2072","37.0986","66.005","25.4144","59.4329","33.5106"
"Maximo Gonzalez","57.0561","38.0067","57.0945","39.3148","55.2561","30.5177","57.3503","35.873"
"Mikhail Kukushkin","60.6129","37.2855","59.0398","38.4017","61.4391","30.3862","61.2526","37.6761"
"Nicolas Kiefer","62.9023","38.7855","59.384","38.7085","65.384","37.9353","63.1052","39.3178"
"Marcos Baghdatis","63.924","37.6982","60.8255","37.9464","65.4134","36.9858","64.2182","37.7806"
"Nicolas Escude","63.0309","38.9709","58.7733","38.8542","64.3152","39.4667","63.7654","39.2558"
"Ivan Ljubicic","65.6813","35.0301","63.3653","37.4511","65.142","36.4885","66.5833","33.9814"
"Leonardo Mayer","65.1077","35.1102","65.3809","36.3197","66.4221","31.4847","64.387","34.4919"
"Bradley Klahn","59.1772","33.711","50.813","39.7196","58.2781","28.7719","60.5769","33.7863"
"Carlos Costa","60.3217","41.7248","60.443","43.6942","59.6374","36.3819","60.1479","38.1688"
"Jiri Novak","62.238","39.8687","60.5306","41.8001","63.1462","36.5854","63.3461","39.3141"
"Agustin Calleri","63.8277","38.3332","63.5227","40.3613","62.3813","33.7882","64.5027","36.1354"
"Juan Ignacio Chela","61.2472","40.0107","59.9818","42.1057","63.0098","35.6555","62.7551","38.1482"
"Paolo Lorenzi","59.2004","36.1716","59.0709","37.5026","62.259","33.6489","58.349","35.1233"
"Jason Stoltenberg","62.5471","39.4204","62.0353","40.9665","64.5862","40.1652","62.1809","39.2279"
"Philipp Kohlschreiber","64.8765","37.1753","62.974","39.1086","68.8897","34.8793","65.1584","36.5118"
"Gilles Simon","62.0436","39.7272","59.6204","42.4261","64.4498","35.7841","62.9527","38.9715"
"Ryan Sweeting","59.4081","36.2782","60.2891","37.9004","59.1743","30.8","59.2398","36.7516"
"Guillermo Perez-Roldan","59.3665","42.0798","59.1647","42.2766","0","0","64.1975","36.9863"
"Karel Novacek","63.3165","38.5225","62.523","40.4926","66.6667","36.0915","64.1026","37.2623"
"Albert Ramos-Vinolas","60.787","37.7651","60.9389","39.1405","51.6393","34.1737","61.1996","35.4083"
"Magnus Larsson","64.9786","36.9633","63.0013","38.7106","66.4515","36.0577","65.8741","36.2268"
"Santiago Giraldo","62.0881","36.4598","61.8642","38.0402","65.1307","32.9817","61.5336","35.8941"
"Illya Marchenko","60.0102","36.8924","56.2338","35.7576","63.8238","34.3109","59.7219","37.7238"
"Yen-Hsun Lu","62.2587","35.9849","57.5375","34.0273","64.442","33.2371","62.1067","36.9027"
"Mikhail Youzhny","62.6682","38.8146","60.6282","39.785","63.7524","37.7738","63.2466","38.5186"
"Thomaz Bellucci","62.5275","37.0324","62.7653","38.9372","62.4506","34.4545","62.2527","34.9842"
"Filippo Volandri","57.939","40.977","58.5933","43.0552","57.2957","34.1164","55.5437","33.8991"
"Juan Monaco","61.1125","40.7074","61.3826","42.1095","65.0972","34.3819","60.263","39.1301"
"Taylor Dent","64.0599","36.5854","56.5292","40.5207","66.5407","35.3945","63.8522","36.6783"
"Arnaud Boetsch","62.3304","39.3205","59.4448","41.6024","64.0149","35.5932","62.3406","38.994"
"Viktor Troicki","62.4348","38.6492","60.4332","40.304","65.4913","34.9831","62.9411","38.4556"
"Alexandr Dolgopolov","63.8772","37.3248","62.9197","38.2527","66.9828","33.9201","63.8211","37.4367"
"Ernests Gulbis","64.934","35.8767","64.3289","38.0566","68.4446","28.2364","64.6882","35.7229"
"Aaron Krickstein","61.2032","40.1915","58.0715","41.9989","62.9306","39.5469","62.1167","40.2805"
"Sam Querrey","66.6217","34.6901","63.6456","35.5103","69.5001","33.2011","66.719","34.8985"
"Alberto Berasategui","59.389","42.2689","59.8168","43.5037","47.4453","32.3741","58.029","38.8047"
"Felix Mantilla","61.2752","40.0332","61.1987","42.4029","59.4997","34.16","62.0468","35.7849"
"Brian Baker","61.1951","36.4101","60.4167","40.2108","68.0608","39.1697","60.1005","35.0069"
"Evgeny Donskoy","62.1803","33.9728","60.2985","33.3333","64.3287","27.7207","62.4437","35.1446"
"Edouard Roger-Vasselin","62.4136","35.8098","60.0733","37.1616","64.8831","35.0939","62.7854","35.4064"
"Igor Sijsling","63.4548","34.3297","60.3926","34.9479","65.8742","34.3888","63.9537","34.1145"
"Janko Tipsarevic","64.7662","36.6248","61.7926","37.4984","67.9363","33.9553","65.1845","37.0862"
"Brian Dabul","61.9829","35.1641","61.1033","37.0572","62.9237","33.1111","62.7526","33.427"
"Gaston Gaudio","60.6845","40.741","60.4045","42.7707","57.1118","38.0899","61.5844","37.3104"
"Paul-Henri Mathieu","63.0663","36.895","60.9141","40.3165","65.686","33.9426","63.6877","35.5107"
"Brad Gilbert","61.5216","39.697","58.3054","41.9775","61.8199","39.7107","61.4385","39.5869"
"Cedric Pioline","63.2229","38.2027","60.5565","40.733","65.4627","36.7344","63.4312","37.8744"
"Jan Hajek","57.6512","35.88","59.3094","38.2468","58.231","30.6283","55.6159","33.5712"
"Robin Haase","62.3952","36.0573","61.0772","38.3873","65.3788","31.2299","62.6945","35.3702"
"Jimmy Wang","59.2181","37.0484","48.2301","36.1233","60.7126","36.4165","58.9862","37.5687"
"Tobias Kamke","58.8379","38.3568","58.1649","39.4814","61.3242","34.9424","58.4291","38.7873"
"Jerzy Janowicz","64.8746","34.5554","62.658","34.5182","68.5154","32.9552","64.7688","34.9888"
"Andreas Beck","62.3742","34.8485","62.002","35.2424","64.5468","33.069","61.8779","35.0782"
"Dudi Sela","60.0137","38.2672","55.4684","36.2445","63.1618","37.2987","60.0866","38.859"
"Joachim Johansson","69.3948","31.6658","60.1279","29.9539","70.0988","28.8446","70.3648","32.2034"
"Sergiy Stakhovsky","63.2086","35.5199","60.8249","35.4088","67.5859","35.5263","63.2125","35.6697"
"Florian Mayer","61.9659","37.8308","60.0915","40.6749","66.2974","34.6983","62.3698","36.5137"
"Martin Klizan","60.4176","37.58","60.3915","39.3602","61.4166","33.1412","60.2252","36.7356"
"Michal Przysiezny","61.7223","32.3265","58.3995","32.6797","63.6089","31.8232","62.7114","32.3013"
"Karol Kucera","60.7995","40.6662","57.6946","41.8132","62.6105","41.8366","61.5174","39.7741"
"David Wheaton","63.3536","37.7558","61.3031","38.1871","65.3243","37.6007","62.9222","38.3716"
"Daniel Koellerer","59.2564","37.2982","58.5429","39.2283","63.6656","30.1449","59.4615","35.3434"
"Ricardo Mello","59.5446","36.4121","57.8231","36.7652","57.2781","33.2907","60.6076","36.6928"
"Richey Reneberg","62.261","39.1345","59.6765","41.2567","63.1828","37.1729","62.4785","39.5121"
"Jonas Bjorkman","61.492","39.6967","58.6131","38.8569","63.781","39.6861","61.3691","40.0911"
"Wally Masur","64.3758","36.9568","62.7278","38.0597","66.2454","36.7475","63.3333","37.4509"
"Eric Prodon","55.5348","30.4861","55.6226","29.4719","0","0","55.1237","34.9624"
"Rainer Schuettler","61.386","38.9895","58.3227","39.1715","64.6701","36.7755","61.7304","39.5629"
"Go Soeda","58.2944","34.9315","51.9497","36.3202","60.5719","36.497","58.6276","34.539"
"Karol Beck","60.366","36.2809","54.1586","35.3018","62.8869","33.9822","60.0604","37.3535"
"Horacio Zeballos","63.0515","32.5498","63.6285","34.0437","64.9805","28.8382","61.9247","30.6582"
"Adrian Ungur","57.3333","32.7869","58.4894","34.375","57.1856","25.614","51.7857","31.1897"
"Tatsuma Ito","59.3676","34.351","56.4516","33.4586","63.806","32.6633","58.3194","35.0628"
"Guido Pella","60.1052","33.7611","62.0742","34.9008","59.7826","34.5178","56.8299","31.339"
"John Isner","70.66","30.2051","69.1402","30.1348","74.1499","28.9717","70.6714","30.4014"
"Dominik Hrbaty","43.4783","32.6531","0","0","0","0","43.4783","32.6531"
"Dmitry Tursunov","63.4757","36.1465","59.9418","37.1341","65.7414","34.2766","63.641","36.4712"
"Ivan Dodig","63.2622","36.6114","60.124","37.9456","66.4458","33.2044","63.6158","36.8487"
"Marco Chiudinelli","62.0785","34.327","63.4941","32.5866","57.8667","35.4223","62.1237","34.569"
"Thomas Johansson","64.3535","36.9017","60.013","37.1996","65.2688","36.2881","64.3833","37.0514"
"Marinko Matosevic","60.0498","36.9902","57.128","37.6157","61.2772","35.1852","60.5107","37.162"
"Matthew Ebden","59.8454","35.0381","49.4505","33.2632","60.8025","33.6441","60.6113","35.5098"
"Michael Berrer","62.8989","34.6606","60.0542","35.1528","66.0736","30.3479","63.1783","35.171"
"Grega Zemlja","61.9597","35.0957","59.5614","38.1853","66.0044","31.6289","60.9387","35.6548"
"Jan-Michael Gambill","64.7516","35.8763","59.6568","35.6019","66.9718","34.6853","65.2012","36.1504"
"Jarkko Nieminen","61.8394","38.2626","59.5667","39.9884","64.1949","35.0836","62.4536","38.0572"
"Eduardo Schwank","61.2461","35.3436","61.8261","37.3295","56.6814","29.8969","61.4955","32.5779"
"Joao Sousa","60.2656","36.8631","59.7237","37.5909","65.5332","36.8499","60.0078","36.3036"
"Boris Pashanski","58.2356","35.377","57.093","36.7311","58.4906","27.3469","60.941","33.124"
"Frank Dancevic","63.7752","33.1883","61.244","32.3607","66.3272","32.9801","62.7465","33.4577"
"Lukas Lacko","62.0532","34.013","57.9832","30.4613","65.114","32.4579","61.8819","34.8716"
"Vasek Pospisil","65.0223","33.7187","60.6557","30.9524","65.2238","32.765","65.4345","34.1698"
"Alex Bogomolov Jr.","59.7076","37.5565","56.0224","37.6111","61.5635","36.2424","59.7576","37.7817"
"Denis Istomin","64.2191","35.399","61.809","34.9896","68.0415","33.791","63.9052","36.0515"
"Robby Ginepri","62.9639","36.9023","58.1351","36.8805","62.5964","35.9701","64.037","37.1485"
"Alejandro Gonzalez","58.1956","35.9608","56.6942","36.964","58.8652","30.6667","59.2239","35.7317"
"Somdev Devvarman","59.8472","37.5477","57.606","37.5887","58.6428","31.7529","60.5576","38.1673"
"Francisco Clavet","60.3389","40.818","59.6351","42.3076","61.4218","38.5874","61.4432","39.0844"
"Adrian Mannarino","60.8556","36.2351","55.6629","36.2541","62.7684","35.5781","61.6229","36.367"
"Ivo Karlovic","72.3855","28.5375","69.2657","29.1696","74.9648","28.4296","72.5617","28.5244"
"Nicolas Mahut","64.5163","34.0542","59.2613","35.2036","68.8042","34.2494","63.5203","34.0601"
"Younes El Aynaoui","64.509","35.8188","63.1567","38.5452","66.5693","35.2829","65.5634","33.2724"
"Jakob Hlasek","63.6337","37.3194","59.558","37.6636","65.7236","38.1297","63.7542","37.3038"
"Amos Mansdorf","62.1712","38.4416","57.4548","37.0629","61.8132","35.4283","62.5699","40.0255"
"Brett Steven","62.1602","38.2992","57.6837","38.3009","64.1394","38.6888","62.1264","38.7577"
"Victor Hanescu","63.4354","35.59","63.0655","37.7008","65.1647","32.0785","63.381","33.8313"
"Jonathan Stark","65.2162","35.7062","62.9032","33.4821","67.8654","34.4904","64.5104","36.6314"
"Marsel Ilhan","61.3819","33.5509","60.4704","35.9375","62.894","35.1506","61.4414","31.7474"
"Goran Prpic","59.3759","41.4958","58.2326","43.4395","64.4706","35.0951","61.3428","39.3918"
"Ivo Minar","60.9851","35.1182","59.8503","36.4727","62.3188","32.9642","61.5535","34.7841"
"Chris Woodruff","62.4279","38.3092","59.1233","40.8651","63.4783","36.4952","63.1816","37.8603"
"Lukas Rosol","62.1943","34.5976","62.3424","36.7975","67.1654","30.0826","61.2378","33.6752"
"Henri Leconte","62.0199","38.3212","59.3605","37.9442","67.045","38.6792","59.7414","39.0353"
"Marc Gicquel","62.6382","36.0648","59.8224","37.6271","64.5725","33.9923","62.9467","36.0237"
"Gilles Muller","66.1668","30.8993","60.7058","32.157","68.2744","28.4006","66.8561","31.2922"
"Paradorn Srichaphan","64.2848","36.1784","56.6211","35.6686","64.2819","35.0289","65.1415","36.4996"
"Michael Russell","59.2713","37.2023","55.5488","36.7697","60.6611","36.3702","60.0214","37.5421"
"Andrey Golubev","60.8959","34.6729","59.4226","36.6108","59.6629","27.2848","61.8311","34.4588"
"Ruben Ramirez Hidalgo","58.0722","37.267","58.814","38.7661","58.7089","28.2579","55.2158","33.932"
"Shuzo Matsuoka","65.0187","35.2856","62.2496","39.889","68.0011","33.6525","63.9448","36.0417"
"Robert Kendrick","62.8891","33.0593","58.8291","31.074","63.5086","30.3127","63.4002","34.0362"
"Rajeev Ram","62.8239","32.7388","55.6452","30.6931","65.6911","33.4611","62.0737","32.5417"
"Dustin Brown","63.912","33.3103","63.3764","33.8742","66.403","31.3682","62.7953","34.0203"
"Michael Llodra","65.1093","34.5276","60.0745","33.9348","68.8462","36.3783","65.639","34.2341"
"Anders Jarryd","61.6964","39.1935","54.8268","38.6503","60.6089","38.6959","60.1401","36.7359"
"Sjeng Schalken","62.0176","38.5519","58.5361","40.8524","64.713","38.0128","62.6354","37.9589"
"Benjamin Becker","64.0522","33.7507","60.1086","31.7115","67.4074","34.2726","63.822","33.9966"
"Andrei Pavel","62.2335","38.3215","60.783","40.6304","63.1172","37.0175","62.4864","37.7003"
"Daniel Gimeno-Traver","61.0177","35.7302","61.0907","37.2737","59.148","29.3993","61.4123","33.7134"
"Donald Young","59.4636","36.9916","57.1514","37.4441","59.6394","35.323","59.7858","37.1406"
"Martin Verkerk","65.8623","32.5404","64.1677","35.6516","67.0935","26.2363","66.9191","29.8693"
"Igor Andreev","63.6253","36.9593","63.0296","39.1698","65.32","33.6631","63.9527","35.2362"
"Jeremy Chardy","64.1032","35.3255","62.4773","37.7829","67.8016","31.9197","64.5114","34.2298"
"Evgeny Korolev","61.2243","36.7699","59.47","37.202","61.5123","33.7568","61.9747","37.2469"
"Slava Dosedel","58.9095","41.6698","58.0981","43.4944","59.6966","38.1137","60.3144","39.435"
"Derrick Rostagno","61.8623","38.4118","58.0835","38.5845","63.2065","39.3796","61.5662","38.5133"
"Marcel Granollers","60.7361","37.8504","59.4541","39.6001","64.7931","34.1218","61.526","36.4422"
"Bobby Reynolds","61.3224","33.0353","61.4713","32.7027","61.3749","31.4414","61.2923","33.4194"
"Simone Bolelli","64.1228","33.763","63.472","36.0838","64.7031","29.9948","64.4322","32.5797"
"Andres Gomez","60.9522","38.9382","59.5924","39.2365","0","0","61.6246","38.4354"
"Mariano Puerta","62.7845","37.062","63.0219","38.7823","57.8348","33.1361","62.1014","32.2468"
"Kenny De Schepper","64.2116","29.9501","60.0418","31.2645","68.7197","28.9244","63.9712","29.818"
"Potito Starace","61.5391","36.4847","62.0605","38.2753","56.7845","26.0811","60.8035","33.1173"
"Mark Woodforde","61.9441","38.7139","60.343","39.6585","64.1495","36.5385","61.7903","39.1084"
"Andreas Seppi","61.7409","37.9357","60.2668","39.9829","63.8622","36.5759","62.1307","36.9633"
"Frederico Gil","59.4819","37.4277","59.2121","39.3606","60","32.0113","59.802","35.4444"
"Jan Hernych","59.2541","37.6845","56.9146","38.7813","61.6367","35.6299","59.1449","38.2971"
"Arnaud Clement","61.8678","36.0399","59.7751","39.1226","64.7705","34.3207","61.6969","35.4152"
"Benoit Paire","60.4388","38.4334","59.0579","39.5915","63.495","36.1386","60.9559","37.9512"
"Jose Acasuso","62.4922","37.4206","62.3906","39.7589","57.4501","25.3165","62.6772","34.0215"
"Darren Cahill","62.4828","37.4912","57.5342","40.7643","62.5806","30.303","61.5582","37.4124"
"Jonas Svensson","59.8325","40.3191","57.0707","41.1969","62.0225","40.7809","61.3447","39.8537"
"Chris Guccione","67.5921","28.4895","61.2626","31.918","69.8849","27.8553","67.7352","28.2416"
"Fabrice Santoro","60.1068","39.8504","58.0326","41.5249","63.2055","37.1812","60.5241","39.5914"
"Emilio Sanchez","61.7371","38.373","60.7414","39.5472","55.4348","28.8256","64","36.946"
"Jan Siemerink","64.2628","35.5432","61.3537","35.5997","64.4339","35.5321","63.9829","35.7473"
"Philipp Petzschner","63.3424","35.6519","61.0154","35.9508","64.7627","34.4468","63.6482","36.0121"
"Teymuraz Gabashvili","60.5662","35.5003","59.2063","37.9327","63.5175","32.2148","60.636","34.8146"
"Daniel Brands","65.5023","31.4494","64.5849","32.2654","67.5676","31.9801","65.6268","30.6927"
"Pablo Andujar","58.5649","39.4479","59.8417","40.8584","53.6613","31.03","56.9026","37.8213"
"Mariano Zabaleta","61.5839","38.5742","61.4203","40.4226","57.5281","30.7125","61.7868","35.619"
"Nicolas Lapentti","61.5756","38.2576","61.0768","39.9001","60.9748","35.7237","61.733","37.0899"
"Max Mirnyi","66.7425","33.1704","63.2857","34.2456","69.0433","34.1805","67.3206","32.5252"
"Bernard Tomic","63.9816","34.3544","59.014","36.0479","67.4022","33.2282","64.3961","34.211"
"Alexander Volkov","61.002","38.7795","56.6059","40.1654","61.376","39.0273","61.0215","39.0553"
"Robin Vik","57.3247","38.8475","55.5294","42.8734","58.0729","33.0508","57.1753","37.3903"
"Alejandro Falla","59.5602","36.9642","59.1264","37.8548","62.5038","33.7263","58.5309","37.6501"
"Christian Bergstrom","59.6133","40.553","57.8737","40.936","58.5496","40.0541","60.1892","41.2038"
"Byron Black","60.8354","39.4136","57.5388","38.5901","61.3258","41.0722","60.8582","39.2586"
"Jerome Golmard","63.0702","36.4646","59.7778","38.0556","63.3002","35.6336","64.7362","36.3645"
"Jaime Yzaga","59.5722","40.4447","58.4601","42.5395","60.2601","39.1478","60.4444","39.3115"
"Henrik Holm","61.7159","37.7183","58.7193","37.3239","65.8676","36.4855","60.897","38.8979"
"Luis Horna","63.1602","35.1716","63.017","37.0291","59.562","26.4755","63.6665","32.9372"
"Simon Greul","59.9181","35.2955","59.6379","35.5238","58.0737","35.0954","60.5811","35.0812"
"Vincent Spadea","60.8876","38.6823","58.3229","40.6797","61.2715","36.5532","61.8612","38.4143"
"Fernando Meligeni","60.3613","39.3094","60.3312","41.0457","57.6271","33.8308","60.6383","35.6005"
"Mischa Zverev","60.3147","36.3872","58.2418","37.1202","62.2463","35.6949","60.6964","36.3049"
"Peter Luczak","61.3497","33.3912","59.7418","34.3224","64.018","33.4992","62.3944","32.5777"
"Jurgen Melzer","62.3543","37.0471","60.8291","39.3493","64.269","34.9157","62.7494","36.1618"
"Nicolas Massu","57.9968","36.0731","56.8844","37.9235","61.7978","27.0492","64.6154","25.8621"
"Julien Benneteau","61.8655","37.1078","59.1527","38.3622","64.3775","34.9705","62.2745","37.08"
"Jordi Arrese","58.0109","41.7745","57.9793","42.3153","55.6818","14.7541","59.0706","38.439"
"Andreas Vinciguerra","61.3572","37.1545","58.6397","39.3489","59.8909","34.6099","63.2974","36.0093"
"Michel Kratochvil","60.3426","38.82","58.4552","40.1536","60.8946","39.0244","61.4429","38.3991"
"Todd Woodbridge","59.9797","39.5669","56.2412","39.8426","61.5768","40.6315","60.2664","39.6299"
"Wayne Arthurs","69.5039","29.6845","66.4471","29.9485","73.074","30.3047","68.9455","29.3548"
"Nicolas Devilder","58.5529","37.2683","58.7349","38.8217","59.3614","33.8384","57.8635","35.3836"
"Bjorn Phau","59.1374","37.0986","57.1932","38.4887","60.6376","32.7219","59.6965","37.1525"
"Diego Junqueira","54.6648","36.3093","54.7291","38.1834","46.1538","19.6721","55.4672","29.0672"
"Olivier Rochus","60.6311","37.7903","57.8574","39.3638","63.3046","35.3855","60.9752","38.0684"
"Jamie Morgan","64.2158","35.3416","60.2972","36.7742","66.8685","33.4467","63.7178","35.8569"
"Thierry Ascione","60.2925","34.2242","57.6762","36.9565","54.5994","25.3061","62.4698","33.8156"
"Hernan Gumy","60.2777","39.4255","60.2148","41.0543","56.6154","26.0563","60.8579","36.7616"
"Marc-Kevin Goellner","63.8923","35.1132","62.9126","37.5498","66.0395","31.755","63.9334","33.6748"
"Alberto Mancini","61.2809","38.1217","61.0452","39.4364","0","0","61.5704","36.5877"
"Andrei Chesnokov","58.0766","41.3689","56.7085","44.8836","58.5096","35.2309","58.6458","39.7397"
"Stefan Koubek","59.9774","38.4274","58.7555","40.3678","60.6387","36.7675","60.4389","37.6062"
"Denis Gremelmayr","58.6899","35.4363","58.7671","37.7322","58.0303","31.1148","58.7637","34.8527"
"Ryan Harrison","62.0008","34.5986","61.9746","32.9993","63.6198","33.3956","61.5739","35.2058"
"Feliciano Lopez","66.3149","32.6119","63.5504","34.4374","70.564","32.3616","66.5823","31.9682"
"Hyung-Taik Lee","61.9846","37.0407","60.2468","38.3012","63.196","37.0456","62.2866","36.8395"
"Kenneth Carlsen","64.6384","34.8067","58.9276","34.7447","65.8029","34.7686","64.4753","35.2854"
"Flavio Saretta","59.135","40.3404","58.4821","41.0709","63.1095","37.3766","58.6387","40.4884"
"Albert Montanes","61.2082","37.1344","61.6804","39.0997","62.8076","31.2765","59.5768","32.263"
"Patrick McEnroe","59.7816","39.5934","56.3025","41.0773","58.4481","39.0812","60.108","40.0832"
"Franco Squillari","59.4308","39.7315","59.3805","41.1729","60.7509","31.6843","59.5455","36.7436"
"Andrea Gaudenzi","59.579","40.0125","59.803","41.8337","57.8947","32.4727","59.253","37.8816"
"Sandon Stolle","62.1645","37.0379","60.8398","35.9053","65.5421","36.2627","60.9833","37.555"
"Jared Palmer","61.7946","37.2083","61.1072","39.4805","62.3228","33.3923","61.7534","37.8331"
"Hicham Arazi","60.9176","38.2724","58.711","41.2109","62.5414","36.5338","62.1269","36.9653"
"Alex Radulescu","64.9748","33.9162","59.4371","29.3103","67.2717","33.2018","64.1959","35.4204"
"Jim Grabb","63.5137","35.6565","61.8026","33.631","64.5985","34.3173","63.1232","35.3885"
"Gilbert Schaller","57.8605","41.9121","58.0013","43.2377","56.044","35","56.9539","36.6563"
"Lukasz Kubot","60.7123","36.5986","59.0837","37.8545","66.1002","34.5831","60.4558","36.2134"
"Kevin Kim","59.9592","35.769","54.6429","36.2069","61.1478","34.1176","60.3679","36.0786"
"Renzo Furlan","59.9824","39.5817","58.6074","41.1376","61.0811","36.5559","60.9242","38.3034"
"Javier Sanchez","60.5092","38.8379","60.2634","40.6441","61.4068","31.7893","60.5753","38.0776"
"Cecil Mamiit","58.7743","37.8983","56.8413","38.3081","58.0599","38.069","59.0759","37.7374"
"Roko Karanusic","60.8832","35.3402","56.5093","37.9076","63.8923","34.2169","61.3915","35.0661"
"Bryan Shelton","64.1304","34.9677","63.1617","36.3009","65.2443","35.0787","63.8815","34.0951"
"Peter Wessels","65.2196","33.6484","61.6766","35.868","69.0892","32.0618","64.3237","34.869"
"Jerome Haehnel","59.7579","33.3166","53.9299","32.9349","60","31.1203","63.029","34.5224"
"Flavio Cipolla","54.5796","39.1101","53.5395","38.8198","51.9856","34.1847","55.5343","39.9063"
"Guillermo Garcia-Lopez","60.4829","38.5557","59.5876","40.3967","63.96","36.7092","60.6502","37.2235"
"Juan Balcells","63.7738","35.27","64.2473","35.2206","61.2805","29.9674","63.6331","35.9773"
"Marcos Daniel","59.0569","33.3637","59.7648","36.2844","56.4148","29.505","58.399","27.4386"
"Jimmy Connors","58.4098","40.549","55.5046","39.1051","62.0746","38.8788","59.0012","41.2354"
"Bernd Karbacher","60.4173","38.4313","60.6817","39.6454","57.2936","33.4656","60.9294","38.3041"
"Michael Tebbutt","62.8222","35.8459","61.9016","36.7608","60.2932","37.6861","62.6047","35.9791"
"Santiago Ventura","58.2026","37.8246","58.7912","38.9358","55.0179","32.8413","56.8461","34.7124"
"Omar Camporese","61.7699","37.1583","59.0557","37.4412","63.4336","33.1906","61.9157","39.1745"
"Bohdan Ulihrach","59.777","39.3343","58.5204","41.3795","58.1724","34.731","60.6669","38.6467"
"Mikael Tillstrom","60.5856","38.4218","58.7518","39.6738","63.0534","32.2738","60.9981","38.6699"
"Christo Van Rensburg","60.9534","38.5312","57.329","36","62.8524","39.9293","60.3651","37.7993"
"Franco Davin","56.7375","42.262","56.942","42.3219","0","0","45.4545","37.8571"
"Guillaume Raoux","62.8461","35.989","58.191","37.2615","63.5213","36.4142","63.2018","35.8799"
"Fabio Fognini","58.6658","39.1796","59.1481","40.9668","59.9216","35.5821","57.5497","36.8845"
"Jeff Tarango","60.4439","38.6147","58.1864","40.4321","60.5271","37.6714","61.0384","38.4508"
"Tomas Carbonell","57.7685","41.3184","57.2817","42.8122","56.6273","38.4724","58.0645","39.5108"
"Martin Vassallo Arguello","58.5676","36.0838","59.447","37.9069","57.5503","30.4189","55.9129","31.1543"
"Kristof Vliegen","54.9425","34.2282","51.5152","25.641","55.1402","35.8974","55.7252","35.3591"
"Christian Miniussi","59.2361","39.6361","59.5044","40.5696","53.6842","29.0698","58.8819","37.5229"
"Chuck Adams","63.0662","35.8518","57.9067","30.119","61.911","33.1514","63.425","36.2654"
"Amer Delic","63.4154","32.0063","60.9795","30.3819","65.9389","29.321","63.3787","32.5278"
"Andrei Olhovskiy","62.9203","36.1268","58.6991","37.27","64.7025","36.2211","61.0736","36.5401"
"Andrei Cherkasov","59.1968","39.8474","57.3874","40.822","53.7242","39.006","59.4411","39.9978"
"Wesley Moodie","66.6817","31.4263","64.7975","23.5507","66.7872","31.6843","66.6027","31.7458"
"Harel Levy","60.0622","36.5631","57.8747","38.1421","60.904","37.4274","60.7538","35.7383"
"Alberto Martin","59.0317","39.0505","58.8887","41.1473","58.9573","33.2506","59.4658","36.5353"
"Florent Serra","60.5942","36.2095","58.5263","39.6278","62.749","32.5978","61.4338","34.8216"
"Raemon Sluiter","63.6035","34.8016","62.4974","34.8823","63.9254","35.5102","64.1191","34.4093"
"Igor Kunitsyn","58.6501","37.0838","56.4593","39.3196","59.5178","35.3119","58.5636","36.7933"
"Nicklas Kulti","61.8152","37.3359","59.1599","40.0486","63.7138","35.4354","62.597","36.3509"
"Diego Hartfield","59.5125","37.8231","59.8368","38.8586","62.0112","28.4946","55.5053","38.388"
"Martin Jaite","59.9307","38.9997","59.1939","39.9946","0","0","61.0497","38.3651"
"Grant Stafford","58.6323","40.3148","56.8791","40.8138","60.1185","40.8564","58.1609","40.4305"
"Alessio Di Mauro","56.4327","36.8627","56.7854","37.7158","57.6052","34.5324","52.0833","30"
"Cyril Saulnier","63.6477","34.5016","55.4339","34.1941","62.8338","33.6877","64.8771","34.186"
"Ivan Navarro","63.6853","32.6723","62.6902","34.2638","65.1351","29.8977","64.4125","31.705"
"Horst Skoff","59.176","39.5719","59.7467","42.0716","55.9271","32.8125","58.6907","33.5499"
"Sargis Sargsian","60.5228","38.0115","58.8351","39.5352","63.9155","37.0363","59.956","37.5226"
"Scott Draper","63.1412","35.1183","61.5548","36.1103","62.6045","35.1905","63.8505","34.9935"
"Fernando Vicente","58.942","38.9792","58.7677","40.8013","58.1212","33.9695","59.4766","36.3049"
"Olivier Patience","59.4575","35.4054","59.5895","36.1829","63.3277","33.2117","57.8235","34.5836"
"Kevin Curren","62.7946","35.7316","62.1083","34.6875","66.4463","33.8957","61.9974","36.2185"
"Marcelo Filippini","58.9996","39.8851","59.3265","40.7113","53.4328","33.0556","57.8205","36.0982"
"Gabriel Markus","59.5882","38.9341","59.8936","40.1233","59.7315","32.5","59.2066","36.5714"
"Karsten Braasch","61.2068","36.1638","56.7193","38.536","63.3925","34.5352","62.4637","36.2745"
"Jacco Eltingh","63.9185","33.8535","62.0386","34.8204","66.7772","33.4538","62.4738","34.0161"
"Mats Wilander","59.532","38.8906","57.4172","40.4458","65.7596","36.3825","60.1091","38.5435"
"David Sanchez","58.2281","40.0681","58.7989","41.946","58.2988","30.0242","57.0008","36.1737"
"Lukas Dlouhy","59.6485","36.1977","58.8167","37.6898","63.8472","34.069","58.848","35.7065"
"Ramon Delgado","60.3333","36.1861","59.8102","38.2035","60.2041","31.9302","60.4549","35.8354"
"David Prinosil","61.0944","37.1772","56.2487","37.8992","64.3181","36.6501","59.9575","37.5254"
"Jan Apell","61.8537","36.7526","56.5068","39.9602","65.2707","34.1713","62.672","36.7892"
"Arnaud Di Pasquale","58.7532","39.2295","58.7287","40.9711","56.1475","33.4171","58.9565","36.9146"
"Karim Alami","60.6113","37.91","60.084","40.1243","62.8734","34.5414","60.9624","34.3581"
"Carl-Uwe Steeb","60.2352","38.1149","58.0827","39.2948","61.236","34.555","60.0819","39.452"
"Jimmy Arias","58.7597","39.6597","58.2614","41.2523","0","0","58.96","38.9511"
"Adrian Voinea","60.5583","37.5337","59.6864","39.5523","59.6524","36.4648","60.9762","36.3714"
"Grant Connell","62.2953","35.6632","59.2105","23.6111","62.9146","35.9961","62.1628","36.1308"
"Davide Sanguinetti","60.3986","37.6907","57.8896","39.2281","62.6529","36.5292","61.2919","37.395"
"Alex O'Brien","62.0558","35.8016","58.6453","37.0527","63.7481","35.4977","61.7824","36.0104"
"Claudio Mezzadri","59.342","39.0562","60.0599","39.9902","48.9796","30.9859","56.9395","37.3188"
"Martin Damm","63.5812","34.7706","57.7179","34.6138","65.3756","35.9553","62.5262","34.9011"
"Alexander Popp","61.4088","36.5618","54.6386","37.1654","64.7772","37.1242","61.3561","35.9695"
"Francisco Roig","56.4108","41.8352","56.0547","42.4437","57.513","37.6404","56.9412","41.0049"
"Julien Boutter","62.5357","34.8222","61.6826","36.8715","57.4803","34.3226","63.9139","33.2204"
"Jens Knippschild","61.8108","36.5618","60.0129","38.3925","65.041","34.832","62.2765","34.6701"
"Marcos Ondruska","57.8848","40.1904","56.2873","41.3727","58.9501","39.6349","58.217","40.2852"
"Paul Goldstein","58.5626","39.5952","54.4702","41.3892","58.9034","40.6087","59.2214","39.1842"
"Daniel Vacek","63.2049","34.6826","59.487","36.3218","64.7026","32.2581","62.6533","35.5911"
"Markus Hipfl","58.9346","39.4712","58.6561","41.5272","64.6814","31.4363","58.3844","35.0142"
"Kristian Pless","62.5487","34.5598","59.6703","37.6172","58.7379","32.3753","63.9986","34.4899"
"Filip Dewulf","60.5122","37.2242","59.6094","39.0426","57.2806","35.2751","60.3047","35.6035"
"Michiel Schapers","63.0274","34.749","60.6061","39.759","64.9952","36.1423","63.1759","34.2215"
"Patrick Baur","61.8655","37.4348","60.3462","39.2296","62.776","37.0293","62.5492","37.2785"
"Simon Youl","61.4822","36.3668","57.5107","33.1967","63.3803","36.3429","61.197","37.3446"
"Gregory Carraz","64.0426","33.2802","49.5268","38.1295","63.6583","32.0865","64.2812","33.8775"
"Hendrik Dreekmann","60.7379","36.9847","57.8516","38.8113","61.4937","33.0255","61.4033","37.6997"
"Antony Dupuis","63.512","33.7246","60.3205","36.0535","65.1563","33.8074","64.2799","32.7624"
"Patrik Kuhnen","61.3081","36.332","57.376","38.5013","60.7996","34.323","60.9393","37.5818"
"Alex Calatrava","61.7552","35.4083","60.6513","36.5764","62.5641","26.6129","63.7451","34.6486"
"George Bastl","59.9511","36.6474","57.4286","37.2206","57.9564","31.4953","60.1734","37.7502"
"Jeff Morrison","62.2881","35.5729","54.5673","34.8485","63.2253","36.4521","62.6786","35.393"
"Daniel Nestor","63.8885","33.5838","56.5138","30.9572","63.9535","33.6579","64.0225","33.8215"
"Markus Zoecke","64.1069","32.7661","59.558","31.0748","62.7698","33.1126","65.0414","33.2973"
"Luis Herrera","59.0564","38.9604","55.7904","42.4682","62.369","36.3286","58.054","39.9586"
"Justin Gimelstob","61.4055","35.9432","56.993","37.3958","63.4123","35.3758","61.356","35.99"
"Christian Ruud","57.8041","40.0439","57.6148","42.5873","52.7174","26.4414","58.6783","36.9215"
"Sebastien Lareau","60.9446","37.0048","53.9062","34.2697","61.5863","36.0977","61.0241","37.3903"
"Michael Joyce","59.4539","38.2196","56.1404","36.4653","60.5721","38.2277","59.3888","38.5565"
"Thierry Champion","58.3818","39.5161","56.744","41.6491","64.2276","35.2155","57.6647","38.9158"
"Alex Antonitsch","60.4473","37.0134","57.5816","33.9768","63.8456","35.5539","59.9876","38.1201"
"Lars Burgsmuller","59.6093","37.6027","57.8518","37.6594","59.9158","34.3313","60.0292","38.3507"
"German Lopez","62.2172","35.1205","63.0523","36.3282","30.6452","17.8571","61.22","31.466"
"Gianluca Pozzi","59.6811","38.0347","53.9045","37.8328","61.5882","37.8186","59.7868","38.3085"
"Jordi Burillo","59.7159","38.2661","59.5728","40.0397","62.0482","39.2223","59.0417","33.9065"
"Albert Portas","58.7476","38.6096","58.9702","40.2382","59.156","33.4789","57.9725","32.7641"
"Dick Norman","63.3887","31.8997","59.5005","34.6807","68.1668","31.4084","61.1191","30.2983"
"Oliver Gross","57.9724","39.4683","58.2743","40.4687","56.5934","31.25","57.9417","38.291"
"Diego Nargiso","60.4843","36.9585","57.4014","38.5417","62.0485","33.8058","60.9738","36.4405"
"Leonardo Lavalle","60.4274","37.497","56.8606","41.4508","68.7817","36.0169","60.3994","36.8263"
"Andrew Ilie","60.1064","36.6931","60.2174","38.3977","58.8761","35.6944","60.274","35.8639"
"Jean-Philippe Fleurian","59.7665","37.4042","57.9797","39.5841","62.4895","35.4662","58.9605","38.1023"
"Jean-Rene Lisnard","56.503","38.9966","55.8757","40.1093","56.0127","34.9854","56.9253","38.6321"
"John van Lottum","60.0898","36.6376","57.6642","38.3261","60.9152","36.0382","60.4976","36.5994"
"Sergio Roitman","57.4092","37.632","57.4977","39.1373","58.5987","25.4181","57.2895","35.8357"
"Vladimir Voltchkov","61.2802","35.8482","52.483","35.1554","62.387","36.2125","62.2046","35.4103"
"Christophe Rochus","57.202","37.9805","56.2404","41.1096","56.7507","32.2068","58.0718","36.5242"
"Attila Savolt","60.1161","35.7991","59.4771","37.2303","61.9835","23.6364","61.6125","33.8942"
"Stefano Pescosolido","59.7622","37.385","58.2138","38.6279","59.6036","34.2254","60.2363","37.8556"
"Olivier Delaitre","60.2313","37.2345","55.8687","38.1328","62.0047","34.7128","60.3396","38.0112"
"Galo Blanco","59.9735","37.0205","60.058","38.6668","57.8089","28.7518","60.497","31.3354"
"Oscar Martinez","56.3326","40.4275","56.6295","40.659","50","36.9565","52.381","33.3333"
"Jiri Vanek","59.1064","36.1571","58.5485","38.755","58.9041","26.0938","59.7012","33.6852"
"Julian Alonso","58.787","38.0395","59.3906","39.2653","57.7889","25.1534","57.6414","36.2245"
"Tomas Nydahl","59.7198","37.5799","56.928","42.4623","61.1675","33.3333","60.0763","33.522"
"Joern Renzenbrink","61.7651","34.7866","57.9695","32.2196","57.3996","33.6374","63.3588","36.0523"
"Wayne Black","58.7001","38.4486","55.4042","38.19","57.5248","38.2309","58.6814","38.7478"
"Brian Vahaly","59.5626","37.1044","56.3218","38.2456","59.2875","37.8664","60.1651","36.7465"
"Oscar Hernandez","58.5145","36.1644","59.4762","38.1633","52.9297","25.1073","55.9872","29.9435"
"Lionel Roux","60.5569","36.1668","57.2785","37.4601","54.2998","29.1005","61.0685","36.5203"
"Ronald Agenor","58.7188","38.1269","57.8927","38.8874","58.5366","36.9637","59.1213","38.0341"
"Michal Tabara","57.4147","40.0371","56.8852","41.3077","60.7735","31.0526","57.5015","39.7239"
"Jan Kroslak","59.2934","37.37","53.6103","39.8678","55.9397","38.1166","60.2665","37.4639"
"Dennis van Scheppingen","60.3412","36.5505","58.9274","37.3426","62.6674","37.1367","60.5925","36.5794"
"Markus Hantschk","60.0667","36.5109","60.8951","37.8623","57.4603","32.1799","59.3689","35.3002"
"Rodolphe Gilbert","59.82","36.9142","57.5674","38.5148","61.1977","34.0232","60.3581","37.1032"
"Christian Saceanu","61.4963","35.0589","57.2792","34.7095","64.473","35.4147","57.7406","34.6549"
"Lars Jonsson","58.0347","38.7451","57.3128","40.1738","56.5976","38.0849","59.0061","38.0942"
"Leander Paes","61.1459","35.5471","58.0402","38.785","64.8058","37.2362","59.1833","34.0614"
"Mark Koevermans","58.377","38.6372","59.6512","40.9698","49.4186","26.5734","57.9377","34.5385"
"Juan Albert Viloca-Puig","59.6727","36.9891","60.0241","37.9766","59.7374","37.8698","58.6366","34.4651"
"Olivier Mutis","57.6224","38.591","57.6177","40.8384","59.3695","37.4302","56.9559","33.806"
"Markus Naewie","58.4897","38.0358","58.8301","38.3631","52.1368","36.8421","59.1489","37.1429"
"Mikael Pernfors","58.3231","38.8955","55.9857","41.4182","0","0","60.1126","37.8574"
"Laurence Tieleman","62.4984","33.5398","51.3746","30.0781","64.4545","33.428","62.8179","33.9597"
"Jan Vacek","60.2121","35.2673","54.6961","38.4196","62.2397","36.5193","60.6434","33.5657"
"Stephane Simian","62.068","34.2283","58.8116","34.6183","63.3644","34.0021","61.7063","35.0829"
"Tomas Behrend","58.9006","37.0401","58.9268","38.9061","53.5032","29.9213","58.7118","35.0951"
"Jan Gunnarsson","57.4826","38.1548","55.5939","43.1186","65.2941","37.6299","52.0384","29.0667"
"Frederik Fetterlein","58.3929","37.7203","53.662","40.4511","62.1339","37.1429","58.7413","36.5314"
"Johan Van Herck","60.1222","36.115","58.7915","39.317","55.5785","32.971","60.3225","33.8422"
"Veli Paloheimo","54.4506","42.2293","52.5641","45.6825","58.034","37.747","54.3046","40.3329"
"Juan Antonio Marin","56.8136","39.4258","57.6428","40.6554","47.561","31.8538","53.8242","33.4541"
"Andre Sa","57.9662","38.4725","53.1633","39.111","59.1115","37.23","60.147","38.83"
"Roberto Carretero","58.2709","38.0466","58.8549","38.3303","0","0","50.9434","37.4359"
"Cristiano Caratti","58.1816","38.2319","53.8605","40.7407","58.8022","34.2082","58.3343","38.4563"
"Daniele Bracciali","62.948","33.1806","60.8292","35.3863","66.0088","31.9053","61.9256","32.7883"
"Jeremy Bates","59.5773","36.2534","49.635","38.1119","63.015","35.938","57.6378","37.0344"
"Marian Vajda","55.1423","40.8139","54.9334","41.8239","55.4455","35.8974","55.6865","40.469"
"Martin Sinner","60.9133","35.2235","56.362","36.0072","55.6452","34.7484","61.5271","36.8727"
"Jacobo Diaz","57.9882","37.808","57.5155","40.3326","54.3478","20.5882","59.6006","32.3998"
"Werner Eschauer","59.986","34.6939","59.3171","36.7624","59.6026","32.0755","61.7647","31.2221"
"Andrei Stoliarov","57.8558","37.532","56.1045","39.5916","58.6924","34.7334","58.7198","37.0753"
"Irakli Labadze","58.9453","36.2876","58.2465","38.5921","60.9496","34.3527","59.2173","34.1652"
"Tomas Zib","59.7083","35.1183","56.8821","37.5422","62.1136","32.3326","60.9044","34.9677"
"Frederic Fontang","54.065","41.442","54.4078","42.0484","45.8333","40.9524","51.5885","41.295"
"Eduardo Masso","54.5653","40.9582","54.0848","43.328","55","38.3562","54","39.1667"
"Marcello Craca","57.0979","38.6108","55.8346","41.208","57.0175","15.8416","63.5678","31.4421"
"David Rikl","57.8535","37.0555","57.9917","38.7493","57.0886","34.966","56.5672","35.5883"
"Fernando Roese","58.0913","36.8543","54.9206","36.5854","54.7771","29.2517","58.4347","38.2496"
"Martin Rodriguez","59.9288","34.9027","60.9793","35.6862","58.209","42.3358","56.7698","31.2245"
"Bart Wuyts","52.4833","42.6579","52.4026","44.5492","43.0233","29.8701","53.0015","42.3729"
"Nuno Marques","58.2718","36.1964","56.6748","38.2212","55.7932","31.4545","60.7445","34.5601"
"Federico Luzzi","56.4678","36.7328","56.2344","38.2238","0","0","57.2985","33.3733"
"Dinu Pescariu","56.325","36.9736","56.1445","38.6733","58.0994","31.1111","55.9904","34.5865"
"German Puentes","55.2234","37.6717","54.4505","39.4973","63.3663","33.1551","55.6202","31.1871"
"Lars Koslowski","55.0547","38.0617","53.9446","38.5315","42.5532","21.7949","57.8506","38.4494"
"Kris Goossens","53.786","38.3895","56.6393","39.6493","50","37.6923","44.7972","34.4519"
"Patrik Fredriksson","56.4974","35.8182","55.935","37.8486","55.7895","32.1101","55.4752","34.0449"
"Daniel Elsner","55.3496","36.2769","55.7967","35.9623","53.913","35.6522","54.188","37.291"
"Roberto Azar","55.964","36.3343","55.545","37.8423","50.5618","22.293","60.4824","28.7968"
"Andre Agassi","65.868","41.711","63.017","43.657","66.983","38.605","66.277","41.633"
"Boris Becker","66.925","38.136","62.769","40.401","67.71","37.746","67.504","37.249"
"Greg Rusedski","68.284","34.562","60.954","35.055","71.032","34.244","67.909","34.706"
"Horacio De La Pena","57.245","41.097","58.083","40.653","45.07","16.129","55.41","33.557"
"Ivan Lendl","65.748","40.387","58.781","43.086","66.716","34.993","66.877","41.167"
"Jaime Oncins","58.021","41.374","57.818","41.706","58.423","37.278","55.798","38.014"
"Luiz Mattar","61.508","36.59","60.913","33.916","58.333","35.634","61.022","36.779"
"Magnus Norman","62.639","38.973","62.361","42.289","62.174","35.44","62.9","37.113"
"Marat Safin","65.053","37.594","63.01","39.656","67.037","34.606","65.948","36.751"
"Marc Rosset","65.083","36.478","63.045","37.527","65.526","33.601","65.555","36.245"
"Marcelo Rios","63.634","40.567","61.393","42.06","60.833","38.243","65.039","39.331"
"Mark Philippoussis","67.301","35.079","63.466","37.296","70.815","33.692","67.502","34.669"
"Michael Chang","63.105","42.108","60.049","42.578","61.26","39.927","63.537","41.476"
"Paul Haarhuis","61.969","37.878","59.056","40.083","62.309","37.034","63.47","37.19"
"Richard Fromberg","63.192","36.615","62.015","38.061","65.516","32.725","64.243","35.754"
"Richard Krajicek","68.726","36.93","65.375","38.708","71.857","36.731","68.949","36.919"
"Thomas Enqvist","63.784","39.13","59.523","40.957","65.686","35.927","64.395","38.813"
"All","0","0","60.5116","39.9115","64.8899","35.5812","63.141","37.1185"
