"club","score","year","country","n","rank","allRank","atb","atw","eb","ew","tenth"
"ManUnited",1876,2001,"ENG",20,1,6,2031,1831,1927,1817,1858
"Liverpool",1876,2001,"ENG",20,2,5,2020,1826,1918,1761,1858
"Leeds",1843,2001,"ENG",20,3,11,1979,1793,1880,1751,1858
"Arsenal",1820,2001,"ENG",20,4,14,1946,1776,1868,1729,1858
"Chelsea",1794,2001,"ENG",20,5,18,1860,1738,1865,1700,1858
"Ipswich",1744,2001,"ENG",20,6,31,1830,1710,1840,1682,1858
"Sunderland",1732,2001,"ENG",20,7,34,1802,1688,1813,1680,1858
"AstonVilla",1725,2001,"ENG",20,8,42,1775,1667,1796,1673,1858
"Newcastle",1704,2001,"ENG",20,9,46,1765,1663,1792,1669,1858
"Middlesbrough",1699,2001,"ENG",20,10,49,1737,1661,1791,1665,1858
"Tottenham",1681,2001,"ENG",20,11,55,1726,1656,1777,1656,1858
"Southampton",1677,2001,"ENG",20,12,58,1724,1645,1769,1647,1858
"Charlton",1673,2001,"ENG",20,13,61,1723,1643,1756,1624,1858
"WestHam",1658,2001,"ENG",20,14,68,1717,1635,1755,1619,1858
"Everton",1656,2001,"ENG",20,15,70,1695,1614,1741,1602,1858
"Leicester",1642,2001,"ENG",20,16,78,1686,1597,1732,1599,1858
"Derby",1636,2001,"ENG",20,17,79,1681,1587,1731,1585,1858
"Coventry",1607,2001,"ENG",20,18,85,1672,1580,1705,1548,1858
"ManCity",1589,2001,"ENG",20,19,92,1671,1528,1700,1589,1858
"Bradford",1558,2001,"ENG",20,20,97,1604,1496,1686,1558,1858
"ManUnited",1891,2002,"ENG",20,1,4,2031,1831,1907,1777,1862
"Arsenal",1886,2002,"ENG",20,2,5,2020,1826,1904,1732,1862
"Liverpool",1877,2002,"ENG",20,3,7,1979,1793,1878,1726,1862
"Leeds",1783,2002,"ENG",20,4,18,1946,1776,1865,1723,1862
"Chelsea",1778,2002,"ENG",20,5,19,1860,1738,1816,1698,1862
"Newcastle",1768,2002,"ENG",20,6,23,1830,1710,1788,1691,1862
"AstonVilla",1688,2002,"ENG",20,7,50,1802,1688,1774,1679,1862
"WestHam",1682,2002,"ENG",20,8,53,1775,1667,1767,1661,1862
"Blackburn",1676,2002,"ENG",20,9,55,1765,1663,1766,1654,1862
"Tottenham",1676,2002,"ENG",20,10,56,1737,1661,1763,1649,1862
"Southampton",1674,2002,"ENG",20,11,58,1726,1656,1748,1648,1862
"Middlesbrough",1656,2002,"ENG",20,12,66,1724,1645,1744,1646,1862
"Charlton",1651,2002,"ENG",20,13,70,1723,1643,1743,1630,1862
"Ipswich",1643,2002,"ENG",20,14,74,1717,1635,1728,1625,1862
"Fulham",1640,2002,"ENG",20,15,76,1695,1614,1724,1608,1862
"Sunderland",1639,2002,"ENG",20,16,77,1686,1597,1716,1571,1862
"Everton",1636,2002,"ENG",20,17,78,1681,1587,1700,1564,1862
"Bolton",1601,2002,"ENG",20,18,89,1672,1580,1695,1532,1862
"Derby",1576,2002,"ENG",20,19,94,1671,1528,1687,1576,1862
"Leicester",1575,2002,"ENG",20,20,95,1604,1496,1655,1575,1862
"ManUnited",1923,2003,"ENG",20,1,1,2031,1831,1923,1730,1832
"Arsenal",1865,2003,"ENG",20,2,5,2020,1826,1868,1726,1832
"Liverpool",1793,2003,"ENG",20,3,16,1979,1793,1864,1715,1832
"Chelsea",1776,2003,"ENG",20,4,20,1946,1776,1844,1705,1832
"Newcastle",1768,2003,"ENG",20,5,21,1860,1738,1841,1701,1832
"Blackburn",1728,2003,"ENG",20,6,31,1830,1710,1821,1699,1832
"Leeds",1710,2003,"ENG",20,7,40,1802,1688,1784,1688,1832
"Southampton",1679,2003,"ENG",20,8,52,1775,1667,1781,1676,1832
"Everton",1676,2003,"ENG",20,9,55,1765,1663,1764,1668,1832
"Middlesbrough",1666,2003,"ENG",20,10,62,1737,1661,1762,1643,1832
"AstonVilla",1664,2003,"ENG",20,11,63,1726,1656,1759,1616,1832
"ManCity",1664,2003,"ENG",20,12,64,1724,1645,1745,1614,1832
"WestHam",1661,2003,"ENG",20,13,65,1723,1643,1744,1610,1832
"Fulham",1655,2003,"ENG",20,14,67,1717,1635,1740,1601,1832
"Bolton",1645,2003,"ENG",20,15,73,1695,1614,1735,1586,1832
"Charlton",1640,2003,"ENG",20,16,75,1686,1597,1722,1571,1832
"Tottenham",1635,2003,"ENG",20,17,78,1681,1587,1702,1562,1832
"Birmingham",1635,2003,"ENG",20,18,77,1672,1580,1684,1549,1832
"WestBrom",1528,2003,"ENG",20,19,104,1671,1528,1681,1528,1832
"Sunderland",1496,2003,"ENG",20,20,107,1604,1496,1677,1496,1832
"Arsenal",1906,2004,"ENG",20,1,2,2031,1831,1946,1804,1841
"ManUnited",1854,2004,"ENG",20,2,8,2020,1826,1895,1769,1841
"Chelsea",1841,2004,"ENG",20,3,10,1979,1793,1888,1759,1841
"Liverpool",1776,2004,"ENG",20,4,22,1946,1776,1860,1750,1841
"Newcastle",1773,2004,"ENG",20,5,23,1860,1738,1821,1712,1841
"AstonVilla",1710,2004,"ENG",20,6,45,1830,1710,1805,1691,1841
"Fulham",1695,2004,"ENG",20,7,48,1802,1688,1800,1674,1841
"Bolton",1676,2004,"ENG",20,8,53,1775,1667,1799,1643,1841
"Charlton",1668,2004,"ENG",20,9,56,1765,1663,1794,1631,1841
"Blackburn",1665,2004,"ENG",20,10,58,1737,1661,1771,1616,1841
"Middlesbrough",1663,2004,"ENG",20,11,59,1726,1656,1769,1614,1841
"Southampton",1662,2004,"ENG",20,12,61,1724,1645,1768,1610,1841
"ManCity",1657,2004,"ENG",20,13,62,1723,1643,1756,1594,1841
"Birmingham",1654,2004,"ENG",20,14,63,1717,1635,1753,1581,1841
"Portsmouth",1643,2004,"ENG",20,15,68,1695,1614,1741,1566,1841
"Tottenham",1643,2004,"ENG",20,16,67,1686,1597,1740,1555,1841
"Everton",1630,2004,"ENG",20,17,73,1681,1587,1733,1551,1841
"Leicester",1598,2004,"ENG",20,18,86,1672,1580,1728,1440,1841
"Leeds",1598,2004,"ENG",20,19,87,1671,1528,1714,1598,1841
"Wolves",1570,2004,"ENG",20,20,92,1604,1496,1650,1551,1841
"Chelsea",1960,2005,"ENG",20,1,1,2031,1831,1960,1869,1854
"Arsenal",1914,2005,"ENG",20,2,2,2020,1826,1914,1773,1854
"ManUnited",1865,2005,"ENG",20,3,9,1979,1793,1865,1755,1854
"Liverpool",1817,2005,"ENG",20,4,12,1946,1776,1817,1726,1854
"Bolton",1738,2005,"ENG",20,5,24,1860,1738,1799,1715,1854
"ManCity",1727,2005,"ENG",20,6,29,1830,1710,1765,1679,1854
"Newcastle",1725,2005,"ENG",20,7,33,1802,1688,1762,1669,1854
"Middlesbrough",1720,2005,"ENG",20,8,35,1775,1667,1739,1665,1854
"Tottenham",1708,2005,"ENG",20,9,42,1765,1663,1738,1631,1854
"Everton",1705,2005,"ENG",20,10,44,1737,1661,1734,1623,1854
"Fulham",1694,2005,"ENG",20,11,49,1726,1656,1732,1613,1854
"AstonVilla",1692,2005,"ENG",20,12,52,1724,1645,1716,1603,1854
"Blackburn",1684,2005,"ENG",20,13,54,1723,1643,1713,1603,1854
"Birmingham",1682,2005,"ENG",20,14,55,1717,1635,1693,1600,1854
"Charlton",1659,2005,"ENG",20,15,69,1695,1614,1692,1579,1854
"Portsmouth",1641,2005,"ENG",20,16,71,1686,1597,1680,1569,1854
"Southampton",1639,2005,"ENG",20,17,73,1681,1587,1679,1566,1854
"WestBrom",1619,2005,"ENG",20,18,87,1672,1580,1639,1482,1854
"CrystalPalace",1606,2005,"ENG",20,19,94,1671,1528,1623,1606,1854
"Norwich",1604,2005,"ENG",20,20,95,1604,1496,1619,1558,1854
"Chelsea",1943,2006,"ENG",20,1,3,2031,1831,1975,1841,1866
"Arsenal",1897,2006,"ENG",20,2,5,2020,1826,1913,1777,1866
"ManUnited",1883,2006,"ENG",20,3,9,1979,1793,1887,1750,1866
"Liverpool",1866,2006,"ENG",20,4,10,1946,1776,1866,1735,1866
"Tottenham",1763,2006,"ENG",20,5,22,1860,1738,1834,1721,1866
"Newcastle",1753,2006,"ENG",20,6,26,1830,1710,1799,1691,1866
"Blackburn",1751,2006,"ENG",20,7,27,1802,1688,1774,1672,1866
"Bolton",1730,2006,"ENG",20,8,36,1775,1667,1770,1663,1866
"Middlesbrough",1722,2006,"ENG",20,9,40,1765,1663,1767,1632,1866
"Fulham",1683,2006,"ENG",20,10,54,1737,1661,1760,1619,1866
"Everton",1680,2006,"ENG",20,11,55,1726,1656,1760,1614,1866
"ManCity",1665,2006,"ENG",20,12,62,1724,1645,1731,1605,1866
"AstonVilla",1663,2006,"ENG",20,13,64,1723,1643,1730,1585,1866
"WestHam",1657,2006,"ENG",20,14,67,1717,1635,1728,1574,1866
"Charlton",1656,2006,"ENG",20,15,68,1695,1614,1717,1573,1866
"Wigan",1644,2006,"ENG",20,16,72,1686,1597,1706,1559,1866
"Portsmouth",1639,2006,"ENG",20,17,74,1681,1587,1698,1554,1866
"Birmingham",1634,2006,"ENG",20,18,76,1672,1580,1684,1514,1866
"WestBrom",1590,2006,"ENG",20,19,93,1671,1528,1677,1571,1866
"Sunderland",1524,2006,"ENG",20,20,112,1604,1496,1628,1488,1866
"Chelsea",1970,2007,"ENG",20,1,2,2031,1831,1975,1809,1869
"ManUnited",1944,2007,"ENG",20,2,3,2020,1826,1944,1737,1869
"Liverpool",1884,2007,"ENG",20,3,9,1979,1793,1929,1720,1869
"Arsenal",1869,2007,"ENG",20,4,10,1946,1776,1890,1712,1869
"Tottenham",1803,2007,"ENG",20,5,19,1860,1738,1853,1704,1869
"Everton",1776,2007,"ENG",20,6,25,1830,1710,1824,1675,1869
"Blackburn",1757,2007,"ENG",20,7,33,1802,1688,1820,1669,1869
"Bolton",1732,2007,"ENG",20,8,39,1775,1667,1818,1653,1869
"AstonVilla",1732,2007,"ENG",20,9,38,1765,1663,1816,1646,1869
"Reading",1729,2007,"ENG",20,10,40,1737,1661,1794,1631,1869
"Newcastle",1716,2007,"ENG",20,11,43,1726,1656,1778,1619,1869
"Portsmouth",1716,2007,"ENG",20,12,44,1724,1645,1771,1605,1869
"Middlesbrough",1715,2007,"ENG",20,13,45,1723,1643,1768,1603,1869
"ManCity",1669,2007,"ENG",20,14,60,1717,1635,1765,1588,1869
"WestHam",1665,2007,"ENG",20,15,62,1695,1614,1741,1587,1869
"Fulham",1658,2007,"ENG",20,16,67,1686,1597,1740,1571,1869
"Charlton",1646,2007,"ENG",20,17,72,1681,1587,1721,1541,1869
"Wigan",1631,2007,"ENG",20,18,79,1672,1580,1710,1536,1869
"SheffieldUnited",1616,2007,"ENG",20,19,85,1671,1528,1703,1542,1869
"Watford",1601,2007,"ENG",20,20,95,1604,1496,1640,1513,1869
"ManUnited",2031,2008,"ENG",20,1,1,2031,1831,2031,1819,1873
"Chelsea",2020,2008,"ENG",20,2,2,2020,1826,2020,1758,1873
"Liverpool",1964,2008,"ENG",20,3,3,1979,1793,1964,1718,1873
"Arsenal",1946,2008,"ENG",20,4,4,1946,1776,1946,1699,1873
"Everton",1852,2008,"ENG",20,5,11,1860,1738,1852,1680,1873
"AstonVilla",1803,2008,"ENG",20,6,19,1830,1710,1824,1675,1873
"Tottenham",1777,2008,"ENG",20,7,25,1802,1688,1780,1663,1873
"Blackburn",1775,2008,"ENG",20,8,26,1775,1667,1779,1648,1873
"Portsmouth",1765,2008,"ENG",20,9,29,1765,1663,1772,1633,1873
"Middlesbrough",1737,2008,"ENG",20,10,36,1737,1661,1760,1626,1873
"Newcastle",1726,2008,"ENG",20,11,40,1726,1656,1757,1620,1873
"ManCity",1724,2008,"ENG",20,12,41,1724,1645,1748,1616,1873
"Bolton",1723,2008,"ENG",20,13,42,1723,1643,1745,1608,1873
"WestHam",1717,2008,"ENG",20,14,45,1717,1635,1740,1584,1873
"Wigan",1695,2008,"ENG",20,15,53,1695,1614,1735,1579,1873
"Fulham",1686,2008,"ENG",20,16,56,1686,1597,1732,1572,1873
"Reading",1681,2008,"ENG",20,17,57,1681,1587,1727,1532,1873
"Sunderland",1672,2008,"ENG",20,18,61,1672,1580,1720,1517,1873
"Birmingham",1671,2008,"ENG",20,19,62,1671,1528,1671,1524,1873
"Derby",1507,2008,"ENG",20,20,120,1604,1496,1621,1507,1873
"ManUnited",1998,2009,"ENG",20,1,1,2031,1831,1998,1799,1840
"Liverpool",1982,2009,"ENG",20,2,2,2020,1826,1982,1785,1840
"Chelsea",1979,2009,"ENG",20,3,3,1979,1793,1979,1768,1840
"Arsenal",1897,2009,"ENG",20,4,5,1946,1776,1897,1720,1840
"Everton",1829,2009,"ENG",20,5,13,1860,1738,1829,1709,1840
"AstonVilla",1751,2009,"ENG",20,6,24,1830,1710,1778,1704,1840
"Tottenham",1746,2009,"ENG",20,7,26,1802,1688,1773,1700,1840
"Fulham",1736,2009,"ENG",20,8,30,1775,1667,1743,1666,1840
"ManCity",1721,2009,"ENG",20,9,37,1765,1663,1733,1640,1840
"WestHam",1720,2009,"ENG",20,10,40,1737,1661,1729,1637,1840
"Blackburn",1696,2009,"ENG",20,11,51,1726,1656,1720,1631,1840
"Portsmouth",1669,2009,"ENG",20,12,59,1724,1645,1712,1601,1840
"Bolton",1669,2009,"ENG",20,13,58,1723,1643,1707,1582,1840
"Wigan",1663,2009,"ENG",20,14,61,1717,1635,1697,1582,1840
"Newcastle",1654,2009,"ENG",20,15,64,1695,1614,1696,1570,1840
"Stoke",1649,2009,"ENG",20,16,68,1686,1597,1692,1566,1840
"Middlesbrough",1629,2009,"ENG",20,17,77,1681,1587,1678,1557,1840
"Sunderland",1621,2009,"ENG",20,18,82,1672,1580,1640,1548,1840
"WestBrom",1606,2009,"ENG",20,19,90,1671,1528,1628,1562,1840
"Hull",1584,2009,"ENG",20,20,99,1604,1496,1610,1510,1840
"ManUnited",1960,2010,"ENG",20,1,2,2031,1831,2021,1829,1829
"Chelsea",1953,2010,"ENG",20,2,3,2020,1826,1953,1821,1829
"Arsenal",1872,2010,"ENG",20,3,7,1979,1793,1872,1788,1829
"Liverpool",1851,2010,"ENG",20,4,8,1946,1776,1851,1750,1829
"Tottenham",1790,2010,"ENG",20,5,17,1860,1738,1790,1737,1829
"ManCity",1785,2010,"ENG",20,6,21,1830,1710,1785,1697,1829
"Everton",1783,2010,"ENG",20,7,23,1802,1688,1783,1692,1829
"AstonVilla",1766,2010,"ENG",20,8,25,1775,1667,1766,1691,1829
"Fulham",1726,2010,"ENG",20,9,38,1765,1663,1726,1658,1829
"Blackburn",1701,2010,"ENG",20,10,43,1737,1661,1701,1653,1829
"Stoke",1669,2010,"ENG",20,11,58,1726,1656,1685,1640,1829
"Sunderland",1648,2010,"ENG",20,12,72,1724,1645,1676,1630,1829
"Birmingham",1648,2010,"ENG",20,13,71,1723,1643,1674,1622,1829
"WestHam",1644,2010,"ENG",20,14,73,1717,1635,1666,1621,1829
"Bolton",1628,2010,"ENG",20,15,83,1695,1614,1662,1616,1829
"Wolves",1609,2010,"ENG",20,16,95,1686,1597,1659,1609,1829
"Wigan",1601,2010,"ENG",20,17,97,1681,1587,1644,1574,1829
"Portsmouth",1597,2010,"ENG",20,18,98,1672,1580,1638,1564,1829
"Hull",1554,2010,"ENG",20,19,108,1671,1528,1627,1551,1829
"Burnley",1547,2010,"ENG",20,20,111,1604,1496,1619,1529,1829
"ManUnited",1950,2011,"ENG",20,1,4,2031,1831,2074,1794,1811
"Chelsea",1882,2011,"ENG",20,2,6,2020,1826,2005,1786,1811
"Arsenal",1834,2011,"ENG",20,3,8,1979,1793,1834,1700,1811
"ManCity",1811,2011,"ENG",20,4,10,1946,1776,1811,1695,1811
"Tottenham",1802,2011,"ENG",20,5,13,1860,1738,1802,1691,1811
"Liverpool",1793,2011,"ENG",20,6,16,1830,1710,1793,1673,1811
"Everton",1769,2011,"ENG",20,7,22,1802,1688,1769,1655,1811
"Fulham",1736,2011,"ENG",20,8,29,1775,1667,1736,1651,1811
"AstonVilla",1717,2011,"ENG",20,9,34,1765,1663,1717,1616,1811
"Newcastle",1695,2011,"ENG",20,10,43,1737,1661,1707,1614,1811
"Stoke",1682,2011,"ENG",20,11,49,1726,1656,1690,1610,1811
"Blackburn",1675,2011,"ENG",20,12,56,1724,1645,1681,1599,1811
"WestBrom",1665,2011,"ENG",20,13,64,1723,1643,1680,1590,1811
"Sunderland",1655,2011,"ENG",20,14,69,1717,1635,1673,1573,1811
"Bolton",1650,2011,"ENG",20,15,72,1695,1614,1673,1545,1811
"Wigan",1643,2011,"ENG",20,16,76,1686,1597,1671,1544,1811
"Birmingham",1626,2011,"ENG",20,17,81,1681,1587,1668,1544,1811
"Wolves",1622,2011,"ENG",20,18,82,1672,1580,1638,1541,1811
"WestHam",1611,2011,"ENG",20,19,90,1671,1528,1615,1510,1811
"Blackpool",1592,2011,"ENG",20,20,97,1604,1496,1613,1455,1811
"ManCity",1920,2012,"ENG",20,1,4,2031,1831,2092,1776,1829
"ManUnited",1915,2012,"ENG",20,2,6,2020,1826,2075,1756,1829
"Chelsea",1854,2012,"ENG",20,3,8,1979,1793,1854,1701,1829
"Arsenal",1829,2012,"ENG",20,4,10,1946,1776,1829,1691,1829
"Tottenham",1798,2012,"ENG",20,5,15,1860,1738,1798,1685,1829
"Everton",1780,2012,"ENG",20,6,18,1830,1710,1780,1656,1829
"Newcastle",1749,2012,"ENG",20,7,28,1802,1688,1756,1645,1829
"Liverpool",1745,2012,"ENG",20,8,29,1775,1667,1752,1631,1829
"Fulham",1714,2012,"ENG",20,9,38,1765,1663,1745,1612,1829
"WestBrom",1679,2012,"ENG",20,10,56,1737,1661,1736,1601,1829
"Sunderland",1671,2012,"ENG",20,11,59,1726,1656,1719,1596,1829
"Wigan",1669,2012,"ENG",20,12,61,1724,1645,1710,1592,1829
"AstonVilla",1660,2012,"ENG",20,13,65,1723,1643,1710,1589,1829
"Stoke",1660,2012,"ENG",20,14,64,1717,1635,1703,1574,1829
"Swansea",1653,2012,"ENG",20,15,69,1695,1614,1703,1567,1829
"Norwich",1628,2012,"ENG",20,16,76,1686,1597,1696,1566,1829
"Bolton",1616,2012,"ENG",20,17,80,1681,1587,1674,1551,1829
"Blackburn",1606,2012,"ENG",20,18,85,1672,1580,1661,1542,1829
"QPR",1603,2012,"ENG",20,19,87,1671,1528,1645,1488,1829
"Wolves",1552,2012,"ENG",20,20,106,1604,1496,1612,1459,1829
"ManUnited",1911,2013,"ENG",20,1,5,2031,1831,2072,1831,1846
"Chelsea",1887,2013,"ENG",20,2,7,2020,1826,2023,1722,1846
"ManCity",1867,2013,"ENG",20,3,8,1979,1793,1867,1719,1846
"Arsenal",1846,2013,"ENG",20,4,10,1946,1776,1846,1703,1846
"Tottenham",1830,2013,"ENG",20,5,15,1860,1738,1830,1678,1846
"Everton",1790,2013,"ENG",20,6,19,1830,1710,1790,1677,1846
"Liverpool",1785,2013,"ENG",20,7,20,1802,1688,1785,1667,1846
"WestBrom",1667,2013,"ENG",20,8,57,1775,1667,1726,1627,1846
"Newcastle",1663,2013,"ENG",20,9,61,1765,1663,1712,1616,1846
"Fulham",1661,2013,"ENG",20,10,62,1737,1661,1708,1610,1846
"WestHam",1660,2013,"ENG",20,11,63,1726,1656,1708,1595,1846
"Swansea",1656,2013,"ENG",20,12,65,1724,1645,1706,1588,1846
"AstonVilla",1654,2013,"ENG",20,13,67,1723,1643,1693,1574,1846
"Norwich",1648,2013,"ENG",20,14,72,1717,1635,1678,1552,1846
"Stoke",1644,2013,"ENG",20,15,74,1695,1614,1677,1548,1846
"Sunderland",1642,2013,"ENG",20,16,76,1686,1597,1674,1547,1846
"Southampton",1629,2013,"ENG",20,17,79,1681,1587,1655,1547,1846
"Wigan",1627,2013,"ENG",20,18,80,1672,1580,1653,1537,1846
"Reading",1571,2013,"ENG",20,19,100,1671,1528,1650,1525,1846
"QPR",1556,2013,"ENG",20,20,107,1604,1496,1644,1419,1846
"ManCity",1956,2014,"ENG",20,1,5,2031,1831,2078,1866,1868
"Chelsea",1920,2014,"ENG",20,2,6,2020,1826,2027,1716,1868
"Liverpool",1901,2014,"ENG",20,3,8,1979,1793,1978,1706,1868
"Arsenal",1866,2014,"ENG",20,4,11,1946,1776,1866,1701,1868
"ManUnited",1860,2014,"ENG",20,5,13,1860,1738,1860,1693,1868
"Everton",1830,2014,"ENG",20,6,16,1830,1710,1830,1654,1868
"Tottenham",1802,2014,"ENG",20,7,20,1802,1688,1806,1612,1868
"Southampton",1720,2014,"ENG",20,8,33,1775,1667,1786,1587,1868
"Stoke",1700,2014,"ENG",20,9,44,1765,1663,1757,1583,1868
"Swansea",1674,2014,"ENG",20,10,55,1737,1661,1752,1581,1868
"WestHam",1665,2014,"ENG",20,11,59,1726,1656,1743,1577,1868
"Newcastle",1652,2014,"ENG",20,12,63,1724,1645,1718,1572,1868
"Sunderland",1649,2014,"ENG",20,13,66,1723,1643,1704,1560,1868
"WestBrom",1636,2014,"ENG",20,14,70,1717,1635,1701,1549,1868
"CrystalPalace",1628,2014,"ENG",20,15,72,1695,1614,1691,1548,1868
"AstonVilla",1619,2014,"ENG",20,16,74,1686,1597,1690,1545,1868
"Norwich",1605,2014,"ENG",20,17,79,1681,1587,1685,1542,1868
"Fulham",1586,2014,"ENG",20,18,87,1672,1580,1683,1531,1868
"Hull",1577,2014,"ENG",20,19,91,1671,1528,1675,1484,1868
"Cardiff",1536,2014,"ENG",20,20,109,1604,1496,1667,1455,1868
"Chelsea",1900,2015,"ENG",20,1,7,2031,1831,2081,1867,1867
"ManCity",1892,2015,"ENG",20,2,8,2020,1826,2063,1762,1867
"Arsenal",1860,2015,"ENG",20,3,11,1979,1793,1946,1743,1867
"ManUnited",1819,2015,"ENG",20,4,16,1946,1776,1918,1711,1867
"Liverpool",1762,2015,"ENG",20,5,26,1860,1738,1890,1704,1867
"Tottenham",1739,2015,"ENG",20,6,33,1830,1710,1805,1648,1867
"Southampton",1718,2015,"ENG",20,7,37,1802,1688,1778,1647,1867
"Everton",1716,2015,"ENG",20,8,38,1775,1667,1773,1620,1867
"Stoke",1707,2015,"ENG",20,9,41,1765,1663,1750,1580,1867
"Swansea",1680,2015,"ENG",20,10,52,1737,1661,1743,1578,1867
"CrystalPalace",1656,2015,"ENG",20,11,61,1726,1656,1723,1577,1867
"WestBrom",1645,2015,"ENG",20,12,67,1724,1645,1705,1576,1867
"Leicester",1643,2015,"ENG",20,13,68,1723,1643,1685,1572,1867
"WestHam",1635,2015,"ENG",20,14,71,1717,1635,1685,1567,1867
"Sunderland",1614,2015,"ENG",20,15,79,1695,1614,1671,1547,1867
"Newcastle",1597,2015,"ENG",20,16,84,1686,1597,1662,1538,1867
"AstonVilla",1587,2015,"ENG",20,17,88,1681,1587,1657,1537,1867
"Burnley",1580,2015,"ENG",20,18,89,1672,1580,1638,1519,1867
"Hull",1574,2015,"ENG",20,19,96,1671,1528,1623,1462,1867
"QPR",1547,2015,"ENG",20,20,104,1604,1496,1549,1459,1867
"Arsenal",1831,2016,"ENG",20,1,12,2031,1831,2097,1831,1834
"ManCity",1826,2016,"ENG",20,2,14,2020,1826,2041,1713,1834
"Tottenham",1818,2016,"ENG",20,3,15,1979,1793,1964,1694,1834
"Chelsea",1808,2016,"ENG",20,4,16,1946,1776,1873,1654,1834
"ManUnited",1782,2016,"ENG",20,5,20,1860,1738,1847,1641,1834
"Leicester",1781,2016,"ENG",20,6,21,1830,1710,1834,1634,1834
"Liverpool",1771,2016,"ENG",20,7,24,1802,1688,1783,1630,1834
"Southampton",1735,2016,"ENG",20,8,29,1775,1667,1760,1624,1834
"WestHam",1716,2016,"ENG",20,9,34,1765,1663,1757,1591,1834
"Everton",1714,2016,"ENG",20,10,38,1737,1661,1732,1585,1834
"Stoke",1709,2016,"ENG",20,11,40,1726,1656,1709,1579,1834
"WestBrom",1660,2016,"ENG",20,12,54,1724,1645,1699,1579,1834
"Swansea",1655,2016,"ENG",20,13,57,1723,1643,1698,1572,1834
"Bournemouth",1642,2016,"ENG",20,14,66,1717,1635,1693,1569,1834
"Watford",1632,2016,"ENG",20,15,72,1695,1614,1691,1560,1834
"CrystalPalace",1624,2016,"ENG",20,16,75,1686,1597,1683,1557,1834
"Sunderland",1607,2016,"ENG",20,17,82,1681,1587,1659,1530,1834
"Norwich",1591,2016,"ENG",20,18,85,1672,1580,1651,1521,1834
"Newcastle",1573,2016,"ENG",20,19,94,1671,1528,1644,1508,1834
"AstonVilla",1526,2016,"ENG",20,20,110,1604,1496,1642,1451,1834
"RealMadrid",1927,2001,"ESP",20,1,1,2097,1890,1927,1817,1858
"Valencia",1918,2001,"ESP",20,2,2,2075,1858,1918,1761,1858
"Mallorca",1880,2001,"ESP",20,3,4,1978,1804,1880,1751,1858
"Depor",1868,2001,"ESP",20,4,8,1918,1780,1868,1729,1858
"Barcelona",1865,2001,"ESP",20,5,9,1890,1756,1865,1700,1858
"Celta",1840,2001,"ESP",20,6,13,1840,1747,1840,1682,1858
"Alaves",1813,2001,"ESP",20,7,16,1820,1735,1813,1680,1858
"Malaga",1796,2001,"ESP",20,8,17,1818,1710,1796,1673,1858
"Espanyol",1792,2001,"ESP",20,9,19,1816,1692,1792,1669,1858
"Zaragoza",1791,2001,"ESP",20,10,20,1794,1686,1791,1665,1858
"Sociedad",1777,2001,"ESP",20,11,24,1778,1685,1777,1656,1858
"Villarreal",1769,2001,"ESP",20,12,25,1771,1676,1769,1647,1858
"Bilbao",1756,2001,"ESP",20,13,27,1768,1674,1756,1624,1858
"Valladolid",1755,2001,"ESP",20,14,28,1765,1666,1755,1619,1858
"Santander",1741,2001,"ESP",20,15,33,1741,1662,1741,1602,1858
"RayoVallecano",1732,2001,"ESP",20,16,35,1740,1659,1732,1599,1858
"Oviedo",1731,2001,"ESP",20,17,36,1733,1644,1731,1585,1858
"LasPalmas",1705,2001,"ESP",20,18,45,1728,1638,1705,1548,1858
"Numancia",1700,2001,"ESP",20,19,48,1714,1615,1700,1589,1858
"Osasuna",1686,2001,"ESP",20,20,53,1686,1549,1686,1558,1858
"Valencia",1907,2002,"ESP",20,1,1,2097,1890,1907,1777,1862
"RealMadrid",1904,2002,"ESP",20,2,2,2075,1858,1904,1732,1862
"Depor",1878,2002,"ESP",20,3,6,1978,1804,1878,1726,1862
"Barcelona",1865,2002,"ESP",20,4,9,1918,1780,1865,1723,1862
"Celta",1816,2002,"ESP",20,5,13,1890,1756,1816,1698,1862
"Malaga",1788,2002,"ESP",20,6,16,1840,1747,1788,1691,1862
"Betis",1774,2002,"ESP",20,7,21,1820,1735,1774,1679,1862
"Sociedad",1767,2002,"ESP",20,8,24,1818,1710,1767,1661,1862
"Sevilla",1766,2002,"ESP",20,9,26,1816,1692,1766,1654,1862
"RayoVallecano",1763,2002,"ESP",20,10,27,1794,1686,1763,1649,1862
"Alaves",1748,2002,"ESP",20,11,29,1778,1685,1748,1648,1862
"Mallorca",1744,2002,"ESP",20,12,30,1771,1676,1744,1646,1862
"Espanyol",1743,2002,"ESP",20,13,31,1768,1674,1743,1630,1862
"Valladolid",1728,2002,"ESP",20,14,33,1765,1666,1728,1625,1862
"Villarreal",1724,2002,"ESP",20,15,37,1741,1662,1724,1608,1862
"Bilbao",1716,2002,"ESP",20,16,40,1740,1659,1716,1571,1862
"Osasuna",1700,2002,"ESP",20,17,42,1733,1644,1700,1564,1862
"LasPalmas",1695,2002,"ESP",20,18,45,1728,1638,1695,1532,1862
"Zaragoza",1687,2002,"ESP",20,19,51,1714,1615,1687,1576,1862
"Tenerife",1655,2002,"ESP",20,20,67,1686,1549,1655,1575,1862
"RealMadrid",1914,2003,"ESP",20,1,2,2097,1890,1923,1730,1832
"Depor",1868,2003,"ESP",20,2,4,2075,1858,1868,1726,1832
"Sociedad",1864,2003,"ESP",20,3,6,1978,1804,1864,1715,1832
"Barcelona",1844,2003,"ESP",20,4,8,1918,1780,1844,1705,1832
"Valencia",1841,2003,"ESP",20,5,9,1890,1756,1841,1701,1832
"Celta",1821,2003,"ESP",20,6,12,1840,1747,1821,1699,1832
"Sevilla",1784,2003,"ESP",20,7,18,1820,1735,1784,1688,1832
"Bilbao",1781,2003,"ESP",20,8,19,1818,1710,1781,1676,1832
"Espanyol",1764,2003,"ESP",20,9,23,1816,1692,1764,1668,1832
"Malaga",1762,2003,"ESP",20,10,24,1794,1686,1762,1643,1832
"Mallorca",1759,2003,"ESP",20,11,25,1778,1685,1759,1616,1832
"Betis",1745,2003,"ESP",20,12,26,1771,1676,1745,1614,1832
"Valladolid",1744,2003,"ESP",20,13,27,1768,1674,1744,1610,1832
"Villarreal",1740,2003,"ESP",20,14,28,1765,1666,1740,1601,1832
"Atletico",1735,2003,"ESP",20,15,29,1741,1662,1735,1586,1832
"Santander",1722,2003,"ESP",20,16,35,1740,1659,1722,1571,1832
"Osasuna",1702,2003,"ESP",20,17,43,1733,1644,1702,1562,1832
"Alaves",1684,2003,"ESP",20,18,50,1728,1638,1684,1549,1832
"RayoVallecano",1681,2003,"ESP",20,19,51,1714,1615,1681,1528,1832
"Recreativo",1677,2003,"ESP",20,20,54,1686,1549,1677,1496,1832
"Valencia",1946,2004,"ESP",20,1,1,2097,1890,1946,1804,1841
"Barcelona",1895,2004,"ESP",20,2,3,2075,1858,1895,1769,1841
"Depor",1888,2004,"ESP",20,3,4,1978,1804,1888,1759,1841
"RealMadrid",1860,2004,"ESP",20,4,6,1918,1780,1860,1750,1841
"Sevilla",1821,2004,"ESP",20,5,12,1890,1756,1821,1712,1841
"Bilbao",1805,2004,"ESP",20,6,14,1840,1747,1805,1691,1841
"Villarreal",1800,2004,"ESP",20,7,17,1820,1735,1800,1674,1841
"Betis",1799,2004,"ESP",20,8,18,1818,1710,1799,1643,1841
"Sociedad",1794,2004,"ESP",20,9,20,1816,1692,1794,1631,1841
"Malaga",1771,2004,"ESP",20,10,24,1794,1686,1771,1616,1841
"Atletico",1769,2004,"ESP",20,11,25,1778,1685,1769,1614,1841
"Mallorca",1768,2004,"ESP",20,12,27,1771,1676,1768,1610,1841
"Espanyol",1756,2004,"ESP",20,13,29,1768,1674,1756,1594,1841
"Osasuna",1753,2004,"ESP",20,14,30,1765,1666,1753,1581,1841
"Zaragoza",1741,2004,"ESP",20,15,34,1741,1662,1741,1566,1841
"Celta",1740,2004,"ESP",20,16,35,1740,1659,1740,1555,1841
"Albacete",1733,2004,"ESP",20,17,39,1733,1644,1733,1551,1841
"Valladolid",1728,2004,"ESP",20,18,41,1728,1638,1728,1440,1841
"Santander",1714,2004,"ESP",20,19,43,1714,1615,1714,1598,1841
"Murcia",1650,2004,"ESP",20,20,64,1686,1549,1650,1551,1841
"Barcelona",1890,2005,"ESP",20,1,5,2097,1890,1960,1869,1854
"RealMadrid",1884,2005,"ESP",20,2,6,2075,1858,1914,1773,1854
"Villarreal",1838,2005,"ESP",20,3,11,1978,1804,1865,1755,1854
"Valencia",1802,2005,"ESP",20,4,13,1918,1780,1817,1726,1854
"Betis",1799,2005,"ESP",20,5,15,1890,1756,1799,1715,1854
"Espanyol",1765,2005,"ESP",20,6,18,1840,1747,1765,1679,1854
"Sevilla",1762,2005,"ESP",20,7,19,1820,1735,1762,1669,1854
"Malaga",1739,2005,"ESP",20,8,22,1818,1710,1739,1665,1854
"Bilbao",1738,2005,"ESP",20,9,23,1816,1692,1738,1631,1854
"Depor",1734,2005,"ESP",20,10,25,1794,1686,1734,1623,1854
"Atletico",1732,2005,"ESP",20,11,27,1778,1685,1732,1613,1854
"Zaragoza",1716,2005,"ESP",20,12,38,1771,1676,1716,1603,1854
"Sociedad",1713,2005,"ESP",20,13,40,1768,1674,1713,1603,1854
"Getafe",1693,2005,"ESP",20,14,50,1765,1666,1693,1600,1854
"Mallorca",1692,2005,"ESP",20,15,51,1741,1662,1692,1579,1854
"Osasuna",1680,2005,"ESP",20,16,58,1740,1659,1680,1569,1854
"Santander",1679,2005,"ESP",20,17,60,1733,1644,1679,1566,1854
"Levante",1639,2005,"ESP",20,18,72,1728,1638,1639,1482,1854
"Albacete",1623,2005,"ESP",20,19,84,1714,1615,1623,1606,1854
"Numancia",1619,2005,"ESP",20,20,85,1686,1549,1619,1558,1854
"Barcelona",1975,2006,"ESP",20,1,1,2097,1890,1975,1841,1866
"RealMadrid",1888,2006,"ESP",20,2,6,2075,1858,1913,1777,1866
"Sevilla",1887,2006,"ESP",20,3,8,1978,1804,1887,1750,1866
"Valencia",1859,2006,"ESP",20,4,11,1918,1780,1866,1735,1866
"Villarreal",1834,2006,"ESP",20,5,14,1890,1756,1834,1721,1866
"Celta",1799,2006,"ESP",20,6,15,1840,1747,1799,1691,1866
"Atletico",1774,2006,"ESP",20,7,18,1820,1735,1774,1672,1866
"Osasuna",1770,2006,"ESP",20,8,20,1818,1710,1770,1663,1866
"Getafe",1767,2006,"ESP",20,9,21,1816,1692,1767,1632,1866
"Depor",1760,2006,"ESP",20,10,24,1794,1686,1760,1619,1866
"Bilbao",1760,2006,"ESP",20,11,23,1778,1685,1760,1614,1866
"Betis",1731,2006,"ESP",20,12,35,1771,1676,1731,1605,1866
"Zaragoza",1730,2006,"ESP",20,13,37,1768,1674,1730,1585,1866
"Mallorca",1728,2006,"ESP",20,14,38,1765,1666,1728,1574,1866
"Espanyol",1717,2006,"ESP",20,15,44,1741,1662,1717,1573,1866
"Sociedad",1706,2006,"ESP",20,16,46,1740,1659,1706,1559,1866
"Santander",1698,2006,"ESP",20,17,48,1733,1644,1698,1554,1866
"Alaves",1684,2006,"ESP",20,18,53,1728,1638,1684,1514,1866
"Cadiz",1677,2006,"ESP",20,19,56,1714,1615,1677,1571,1866
"Malaga",1628,2006,"ESP",20,20,79,1686,1549,1628,1488,1866
"Barcelona",1975,2007,"ESP",20,1,1,2097,1890,1975,1809,1869
"Sevilla",1931,2007,"ESP",20,2,4,2075,1858,1944,1737,1869
"RealMadrid",1929,2007,"ESP",20,3,5,1978,1804,1929,1720,1869
"Valencia",1890,2007,"ESP",20,4,7,1918,1780,1890,1712,1869
"Villarreal",1853,2007,"ESP",20,5,12,1890,1756,1853,1704,1869
"Atletico",1824,2007,"ESP",20,6,13,1840,1747,1824,1675,1869
"Getafe",1820,2007,"ESP",20,7,14,1820,1735,1820,1669,1869
"Espanyol",1818,2007,"ESP",20,8,15,1818,1710,1818,1653,1869
"Zaragoza",1816,2007,"ESP",20,9,16,1816,1692,1816,1646,1869
"Osasuna",1794,2007,"ESP",20,10,21,1794,1686,1794,1631,1869
"Mallorca",1778,2007,"ESP",20,11,24,1778,1685,1778,1619,1869
"Recreativo",1771,2007,"ESP",20,12,26,1771,1676,1771,1605,1869
"Santander",1768,2007,"ESP",20,13,29,1768,1674,1768,1603,1869
"Depor",1765,2007,"ESP",20,14,30,1765,1666,1765,1588,1869
"Bilbao",1741,2007,"ESP",20,15,35,1741,1662,1741,1587,1869
"Betis",1740,2007,"ESP",20,16,36,1740,1659,1740,1571,1869
"Sociedad",1721,2007,"ESP",20,17,41,1733,1644,1721,1541,1869
"Levante",1710,2007,"ESP",20,18,47,1728,1638,1710,1536,1869
"Celta",1703,2007,"ESP",20,19,50,1714,1615,1703,1542,1869
"Gimnastic",1640,2007,"ESP",20,20,74,1686,1549,1640,1513,1869
"RealMadrid",1936,2008,"ESP",20,1,5,2097,1890,2031,1819,1873
"Villarreal",1897,2008,"ESP",20,2,6,2075,1858,2020,1758,1873
"Barcelona",1895,2008,"ESP",20,3,8,1978,1804,1964,1718,1873
"Sevilla",1890,2008,"ESP",20,4,9,1918,1780,1946,1699,1873
"Mallorca",1831,2008,"ESP",20,5,12,1890,1756,1852,1680,1873
"Atletico",1824,2008,"ESP",20,6,15,1840,1747,1824,1675,1873
"Depor",1780,2008,"ESP",20,7,22,1820,1735,1780,1663,1873
"Santander",1779,2008,"ESP",20,8,23,1818,1710,1779,1648,1873
"Getafe",1772,2008,"ESP",20,9,27,1816,1692,1772,1633,1873
"Valencia",1760,2008,"ESP",20,10,30,1794,1686,1760,1626,1873
"Bilbao",1757,2008,"ESP",20,11,32,1778,1685,1757,1620,1873
"Betis",1748,2008,"ESP",20,12,33,1771,1676,1748,1616,1873
"Almeria",1745,2008,"ESP",20,13,34,1768,1674,1745,1608,1873
"Zaragoza",1740,2008,"ESP",20,14,35,1765,1666,1740,1584,1873
"Osasuna",1735,2008,"ESP",20,15,37,1741,1662,1735,1579,1873
"Recreativo",1732,2008,"ESP",20,16,38,1740,1659,1732,1572,1873
"Valladolid",1727,2008,"ESP",20,17,39,1733,1644,1727,1532,1873
"Espanyol",1720,2008,"ESP",20,18,43,1728,1638,1720,1517,1873
"Levante",1627,2008,"ESP",20,19,76,1714,1615,1671,1524,1873
"Murcia",1621,2008,"ESP",20,20,81,1686,1549,1621,1507,1873
"Barcelona",1978,2009,"ESP",20,1,4,2097,1890,1998,1799,1840
"RealMadrid",1858,2009,"ESP",20,2,7,2075,1858,1982,1785,1840
"Sevilla",1841,2009,"ESP",20,3,9,1978,1804,1979,1768,1840
"Atletico",1839,2009,"ESP",20,4,11,1918,1780,1897,1720,1840
"Villarreal",1813,2009,"ESP",20,5,15,1890,1756,1829,1709,1840
"Mallorca",1778,2009,"ESP",20,6,21,1840,1747,1778,1704,1840
"Valencia",1773,2009,"ESP",20,7,22,1820,1735,1773,1700,1840
"Espanyol",1743,2009,"ESP",20,8,28,1818,1710,1743,1666,1840
"Depor",1733,2009,"ESP",20,9,32,1816,1692,1733,1640,1840
"Santander",1729,2009,"ESP",20,10,35,1794,1686,1729,1637,1840
"Osasuna",1720,2009,"ESP",20,11,38,1778,1685,1720,1631,1840
"Getafe",1712,2009,"ESP",20,12,43,1771,1676,1712,1601,1840
"Betis",1707,2009,"ESP",20,13,45,1768,1674,1707,1582,1840
"Malaga",1697,2009,"ESP",20,14,49,1765,1666,1697,1582,1840
"Almeria",1696,2009,"ESP",20,15,50,1741,1662,1696,1570,1840
"Bilbao",1692,2009,"ESP",20,16,52,1740,1659,1692,1566,1840
"Valladolid",1678,2009,"ESP",20,17,57,1733,1644,1678,1557,1840
"Recreativo",1640,2009,"ESP",20,18,70,1728,1638,1640,1548,1840
"Gijon",1628,2009,"ESP",20,19,78,1714,1615,1628,1562,1840
"Numancia",1610,2009,"ESP",20,20,88,1686,1549,1610,1510,1840
"Barcelona",2021,2010,"ESP",20,1,1,2097,1890,2021,1829,1829
"RealMadrid",1945,2010,"ESP",20,2,4,2075,1858,1953,1821,1829
"Valencia",1804,2010,"ESP",20,3,15,1978,1804,1872,1788,1829
"Sevilla",1787,2010,"ESP",20,4,20,1918,1780,1851,1750,1829
"Mallorca",1772,2010,"ESP",20,5,24,1890,1756,1790,1737,1829
"Getafe",1751,2010,"ESP",20,6,30,1840,1747,1785,1697,1829
"Atletico",1748,2010,"ESP",20,7,33,1820,1735,1783,1692,1829
"Villarreal",1742,2010,"ESP",20,8,35,1818,1710,1766,1691,1829
"Bilbao",1692,2010,"ESP",20,9,48,1816,1692,1726,1658,1829
"Zaragoza",1691,2010,"ESP",20,10,50,1794,1686,1701,1653,1829
"Espanyol",1685,2010,"ESP",20,11,51,1778,1685,1685,1640,1829
"Osasuna",1676,2010,"ESP",20,12,53,1771,1676,1676,1630,1829
"Malaga",1674,2010,"ESP",20,13,54,1768,1674,1674,1622,1829
"Almeria",1666,2010,"ESP",20,14,59,1765,1666,1666,1621,1829
"Santander",1662,2010,"ESP",20,15,60,1741,1662,1662,1616,1829
"Depor",1659,2010,"ESP",20,16,61,1740,1659,1659,1609,1829
"Valladolid",1644,2010,"ESP",20,17,74,1733,1644,1644,1574,1829
"Xerez",1638,2010,"ESP",20,18,77,1728,1638,1638,1564,1829
"Tenerife",1627,2010,"ESP",20,19,84,1714,1615,1627,1551,1829
"Gijon",1619,2010,"ESP",20,20,89,1686,1549,1619,1529,1829
"Barcelona",2074,2011,"ESP",20,1,1,2097,1890,2074,1794,1811
"RealMadrid",2005,2011,"ESP",20,2,2,2075,1858,2005,1786,1811
"Valencia",1822,2011,"ESP",20,3,9,1978,1804,1834,1700,1811
"Villarreal",1780,2011,"ESP",20,4,19,1918,1780,1811,1695,1811
"Sevilla",1756,2011,"ESP",20,5,24,1890,1756,1802,1691,1811
"Atletico",1747,2011,"ESP",20,6,26,1840,1747,1793,1673,1811
"Bilbao",1736,2011,"ESP",20,7,30,1820,1735,1769,1655,1811
"Malaga",1710,2011,"ESP",20,8,36,1818,1710,1736,1651,1811
"Osasuna",1708,2011,"ESP",20,9,38,1816,1692,1717,1616,1811
"Gijon",1690,2011,"ESP",20,10,47,1794,1686,1707,1614,1811
"Zaragoza",1690,2011,"ESP",20,11,46,1778,1685,1690,1610,1811
"Mallorca",1678,2011,"ESP",20,12,54,1771,1676,1681,1599,1811
"Santander",1675,2011,"ESP",20,13,55,1768,1674,1680,1590,1811
"Getafe",1673,2011,"ESP",20,14,58,1765,1666,1673,1573,1811
"Espanyol",1673,2011,"ESP",20,15,60,1741,1662,1673,1545,1811
"Depor",1671,2011,"ESP",20,16,61,1740,1659,1671,1544,1811
"Levante",1668,2011,"ESP",20,17,62,1733,1644,1668,1544,1811
"Sociedad",1638,2011,"ESP",20,18,78,1728,1638,1638,1541,1811
"Almeria",1615,2011,"ESP",20,19,85,1714,1615,1615,1510,1811
"Hercules",1613,2011,"ESP",20,20,89,1686,1549,1613,1455,1811
"RealMadrid",2092,2012,"ESP",20,1,1,2097,1890,2092,1776,1829
"Barcelona",2075,2012,"ESP",20,2,2,2075,1858,2075,1756,1829
"Atletico",1852,2012,"ESP",20,3,9,1978,1804,1854,1701,1829
"Valencia",1815,2012,"ESP",20,4,12,1918,1780,1829,1691,1829
"Bilbao",1769,2012,"ESP",20,5,22,1890,1756,1798,1685,1829
"Malaga",1759,2012,"ESP",20,6,24,1840,1747,1780,1656,1829
"Sevilla",1756,2012,"ESP",20,7,25,1820,1735,1756,1645,1829
"Mallorca",1752,2012,"ESP",20,8,27,1818,1710,1752,1631,1829
"Osasuna",1745,2012,"ESP",20,9,30,1816,1692,1745,1612,1829
"Levante",1736,2012,"ESP",20,10,32,1794,1686,1736,1601,1829
"Betis",1719,2012,"ESP",20,11,35,1778,1685,1719,1596,1829
"Zaragoza",1710,2012,"ESP",20,12,39,1771,1676,1710,1592,1829
"Villarreal",1710,2012,"ESP",20,13,40,1768,1674,1710,1589,1829
"Getafe",1703,2012,"ESP",20,14,42,1765,1666,1703,1574,1829
"Sociedad",1703,2012,"ESP",20,15,43,1741,1662,1703,1567,1829
"Espanyol",1696,2012,"ESP",20,16,47,1740,1659,1696,1566,1829
"Gijon",1674,2012,"ESP",20,17,58,1733,1644,1674,1551,1829
"RayoVallecano",1661,2012,"ESP",20,18,63,1728,1638,1661,1542,1829
"Granada",1645,2012,"ESP",20,19,71,1714,1615,1645,1488,1829
"Santander",1612,2012,"ESP",20,20,81,1686,1549,1612,1459,1829
"Barcelona",2039,2013,"ESP",20,1,2,2097,1890,2072,1831,1846
"RealMadrid",2023,2013,"ESP",20,2,3,2075,1858,2023,1722,1846
"Valencia",1832,2013,"ESP",20,3,13,1978,1804,1867,1719,1846
"Atletico",1829,2013,"ESP",20,4,16,1918,1780,1846,1703,1846
"Sociedad",1799,2013,"ESP",20,5,17,1890,1756,1830,1678,1846
"Malaga",1766,2013,"ESP",20,6,23,1840,1747,1790,1677,1846
"Betis",1735,2013,"ESP",20,7,27,1820,1735,1785,1667,1846
"Sevilla",1726,2013,"ESP",20,8,29,1818,1710,1726,1627,1846
"Espanyol",1706,2013,"ESP",20,9,37,1816,1692,1712,1616,1846
"Getafe",1686,2013,"ESP",20,10,44,1794,1686,1708,1610,1846
"Osasuna",1686,2013,"ESP",20,11,45,1778,1685,1708,1595,1846
"Bilbao",1684,2013,"ESP",20,12,46,1771,1676,1706,1588,1846
"Levante",1680,2013,"ESP",20,13,47,1768,1674,1693,1574,1846
"RayoVallecano",1678,2013,"ESP",20,14,49,1765,1666,1678,1552,1846
"Depor",1677,2013,"ESP",20,15,52,1741,1662,1677,1548,1846
"Valladolid",1674,2013,"ESP",20,16,53,1740,1659,1674,1547,1846
"Granada",1655,2013,"ESP",20,17,66,1733,1644,1655,1547,1846
"Mallorca",1653,2013,"ESP",20,18,68,1728,1638,1653,1537,1846
"Celta",1650,2013,"ESP",20,19,71,1714,1615,1650,1525,1846
"Zaragoza",1644,2013,"ESP",20,20,73,1686,1549,1644,1419,1846
"RealMadrid",2078,2014,"ESP",20,1,1,2097,1890,2078,1866,1868
"Barcelona",2027,2014,"ESP",20,2,3,2075,1858,2027,1716,1868
"Atletico",1978,2014,"ESP",20,3,4,1978,1804,1978,1706,1868
"Sevilla",1848,2014,"ESP",20,4,14,1918,1780,1866,1701,1868
"Bilbao",1844,2014,"ESP",20,5,15,1890,1756,1860,1693,1868
"Sociedad",1809,2014,"ESP",20,6,17,1840,1747,1830,1654,1868
"Valencia",1806,2014,"ESP",20,7,19,1820,1735,1806,1612,1868
"Villarreal",1786,2014,"ESP",20,8,23,1818,1710,1786,1587,1868
"Malaga",1757,2014,"ESP",20,9,27,1816,1692,1757,1583,1868
"Celta",1752,2014,"ESP",20,10,28,1794,1686,1752,1581,1868
"Levante",1743,2014,"ESP",20,11,30,1778,1685,1743,1577,1868
"Getafe",1718,2014,"ESP",20,12,35,1771,1676,1718,1572,1868
"Espanyol",1704,2014,"ESP",20,13,41,1768,1674,1704,1560,1868
"RayoVallecano",1701,2014,"ESP",20,14,42,1765,1666,1701,1549,1868
"Almeria",1691,2014,"ESP",20,15,47,1741,1662,1691,1548,1868
"Osasuna",1690,2014,"ESP",20,16,48,1740,1659,1690,1545,1868
"Elche",1685,2014,"ESP",20,17,49,1733,1644,1685,1542,1868
"Valladolid",1683,2014,"ESP",20,18,50,1728,1638,1683,1531,1868
"Granada",1675,2014,"ESP",20,19,54,1714,1615,1675,1484,1868
"Betis",1667,2014,"ESP",20,20,56,1686,1549,1667,1455,1868
"Barcelona",2081,2015,"ESP",20,1,1,2097,1890,2081,1867,1867
"RealMadrid",2063,2015,"ESP",20,2,2,2075,1858,2063,1762,1867
"Atletico",1946,2015,"ESP",20,3,4,1978,1804,1946,1743,1867
"Sevilla",1918,2015,"ESP",20,4,6,1918,1780,1918,1711,1867
"Valencia",1890,2015,"ESP",20,5,9,1890,1756,1890,1704,1867
"Bilbao",1805,2015,"ESP",20,6,18,1840,1747,1805,1648,1867
"Villarreal",1778,2015,"ESP",20,7,20,1820,1735,1778,1647,1867
"Celta",1773,2015,"ESP",20,8,21,1818,1710,1773,1620,1867
"Sociedad",1750,2015,"ESP",20,9,30,1816,1692,1750,1580,1867
"Espanyol",1743,2015,"ESP",20,10,32,1794,1686,1743,1578,1867
"Malaga",1723,2015,"ESP",20,11,34,1778,1685,1723,1577,1867
"RayoVallecano",1705,2015,"ESP",20,12,42,1771,1676,1705,1576,1867
"Elche",1685,2015,"ESP",20,13,49,1768,1674,1685,1572,1867
"Levante",1685,2015,"ESP",20,14,48,1765,1666,1685,1567,1867
"Granada",1671,2015,"ESP",20,15,54,1741,1662,1671,1547,1867
"Depor",1662,2015,"ESP",20,16,58,1740,1659,1662,1538,1867
"Getafe",1657,2015,"ESP",20,17,60,1733,1644,1657,1537,1867
"Almeria",1638,2015,"ESP",20,18,69,1728,1638,1638,1519,1867
"Eibar",1623,2015,"ESP",20,19,75,1714,1615,1623,1462,1867
"Cordoba",1549,2015,"ESP",20,20,103,1686,1549,1549,1459,1867
"Barcelona",2097,2016,"ESP",20,1,1,2097,1890,2097,1831,1834
"RealMadrid",2041,2016,"ESP",20,2,2,2075,1858,2041,1713,1834
"Atletico",1964,2016,"ESP",20,3,4,1978,1804,1964,1694,1834
"Sevilla",1873,2016,"ESP",20,4,8,1918,1780,1873,1654,1834
"Villarreal",1847,2016,"ESP",20,5,9,1890,1756,1847,1641,1834
"Bilbao",1834,2016,"ESP",20,6,10,1840,1747,1834,1634,1834
"Celta",1783,2016,"ESP",20,7,18,1820,1735,1783,1630,1834
"Malaga",1760,2016,"ESP",20,8,25,1818,1710,1760,1624,1834
"Valencia",1757,2016,"ESP",20,9,26,1816,1692,1757,1591,1834
"Sociedad",1732,2016,"ESP",20,10,31,1794,1686,1732,1585,1834
"Betis",1700,2016,"ESP",20,11,43,1778,1685,1709,1579,1834
"Depor",1699,2016,"ESP",20,12,44,1771,1676,1699,1579,1834
"Espanyol",1698,2016,"ESP",20,13,45,1768,1674,1698,1572,1834
"LasPalmas",1693,2016,"ESP",20,14,47,1765,1666,1693,1569,1834
"Eibar",1691,2016,"ESP",20,15,48,1741,1662,1691,1560,1834
"RayoVallecano",1683,2016,"ESP",20,16,50,1740,1659,1683,1557,1834
"Gijon",1659,2016,"ESP",20,17,55,1733,1644,1659,1530,1834
"Levante",1651,2016,"ESP",20,18,61,1728,1638,1651,1521,1834
"Granada",1644,2016,"ESP",20,19,63,1714,1615,1644,1508,1834
"Getafe",1642,2016,"ESP",20,20,65,1686,1549,1642,1451,1834
"Bayern",1889,2001,"GER",18,1,3,2072,1804,1927,1817,1858
"Schalke",1761,2001,"GER",18,2,26,1951,1761,1918,1761,1858
"Leverkusen",1751,2001,"GER",18,3,30,1846,1720,1880,1751,1858
"Dortmund",1742,2001,"GER",18,4,32,1818,1686,1868,1729,1858
"Freiburg",1729,2001,"GER",18,5,38,1793,1675,1865,1700,1858
"Werder",1728,2001,"GER",18,6,39,1767,1673,1840,1682,1858
"Wolfsburg",1706,2001,"GER",18,7,44,1751,1671,1813,1680,1858
"Hertha",1698,2001,"GER",18,8,50,1743,1643,1796,1673,1858
"Lautern",1690,2001,"GER",18,9,51,1723,1631,1792,1669,1858
"Hamburg",1688,2001,"GER",18,10,52,1715,1619,1791,1665,1858
"Koeln",1669,2001,"GER",18,11,63,1708,1613,1777,1656,1858
"Stuttgart",1665,2001,"GER",18,12,66,1706,1601,1769,1647,1858
"Muenchen60",1654,2001,"GER",18,13,72,1693,1582,1756,1624,1858
"Rostock",1642,2001,"GER",18,14,77,1666,1574,1755,1619,1858
"Unterhaching",1612,2001,"GER",18,15,84,1664,1566,1741,1602,1858
"Cottbus",1606,2001,"GER",18,16,86,1657,1555,1732,1599,1858
"Frankfurt",1594,2001,"GER",18,17,90,1617,1532,1731,1585,1858
"Bochum",1550,2001,"GER",18,18,98,1593,1482,1705,1548,1858
"Bayern",1897,2002,"GER",18,1,3,2072,1804,1907,1777,1862
"Leverkusen",1862,2002,"GER",18,2,10,1951,1761,1904,1732,1862
"Dortmund",1846,2002,"GER",18,3,12,1846,1720,1878,1726,1862
"Schalke",1789,2002,"GER",18,4,15,1818,1686,1865,1723,1862
"Hertha",1784,2002,"GER",18,5,17,1793,1675,1816,1698,1862
"Werder",1766,2002,"GER",18,6,25,1767,1673,1788,1691,1862
"Stuttgart",1726,2002,"GER",18,7,34,1751,1671,1774,1679,1862
"Wolfsburg",1725,2002,"GER",18,8,36,1743,1643,1767,1661,1862
"Lautern",1723,2002,"GER",18,9,38,1723,1631,1766,1654,1862
"Muenchen60",1715,2002,"GER",18,10,41,1715,1619,1763,1649,1862
"Hamburg",1694,2002,"GER",18,11,46,1708,1613,1748,1648,1862
"Gladbach",1653,2002,"GER",18,12,69,1706,1601,1744,1646,1862
"Freiburg",1630,2002,"GER",18,13,80,1693,1582,1743,1630,1862
"Rostock",1625,2002,"GER",18,14,82,1666,1574,1728,1625,1862
"Cottbus",1620,2002,"GER",18,15,85,1664,1566,1724,1608,1862
"Koeln",1618,2002,"GER",18,16,86,1657,1555,1716,1571,1862
"Nuernberg",1617,2002,"GER",18,17,87,1617,1532,1700,1564,1862
"StPauli",1549,2002,"GER",18,18,100,1593,1482,1695,1532,1862
"Bayern",1862,2003,"GER",18,1,7,2072,1804,1923,1730,1832
"Dortmund",1798,2003,"GER",18,2,15,1951,1761,1868,1726,1832
"Stuttgart",1724,2003,"GER",18,3,33,1846,1720,1864,1715,1832
"Hertha",1723,2003,"GER",18,4,34,1818,1686,1844,1705,1832
"Hamburg",1722,2003,"GER",18,5,36,1793,1675,1841,1701,1832
"Schalke",1699,2003,"GER",18,6,47,1767,1673,1821,1699,1832
"Werder",1695,2003,"GER",18,7,48,1751,1671,1784,1688,1832
"Wolfsburg",1676,2003,"GER",18,8,56,1743,1643,1781,1676,1832
"Lautern",1675,2003,"GER",18,9,58,1723,1631,1764,1668,1832
"Leverkusen",1675,2003,"GER",18,10,57,1715,1619,1762,1643,1832
"Hannover",1653,2003,"GER",18,11,69,1708,1613,1759,1616,1832
"Muenchen60",1653,2003,"GER",18,12,68,1706,1601,1745,1614,1832
"Bochum",1651,2003,"GER",18,13,70,1693,1582,1744,1610,1832
"Gladbach",1650,2003,"GER",18,14,71,1666,1574,1740,1601,1832
"Rostock",1618,2003,"GER",18,15,81,1664,1566,1735,1586,1832
"Bielefeld",1605,2003,"GER",18,16,87,1657,1555,1722,1571,1832
"Cottbus",1575,2003,"GER",18,17,91,1617,1532,1702,1562,1832
"Nuernberg",1549,2003,"GER",18,18,99,1593,1482,1684,1549,1832
"Bayern",1804,2004,"GER",18,1,15,2072,1804,1946,1804,1841
"Werder",1769,2004,"GER",18,2,26,1951,1761,1895,1769,1841
"Stuttgart",1759,2004,"GER",18,3,28,1846,1720,1888,1759,1841
"Leverkusen",1750,2004,"GER",18,4,32,1818,1686,1860,1750,1841
"Dortmund",1712,2004,"GER",18,5,44,1793,1675,1821,1712,1841
"Bochum",1691,2004,"GER",18,6,49,1767,1673,1805,1691,1841
"Schalke",1674,2004,"GER",18,7,55,1751,1671,1800,1674,1841
"Hamburg",1643,2004,"GER",18,8,66,1743,1643,1799,1643,1841
"Hertha",1631,2004,"GER",18,9,72,1723,1631,1794,1631,1841
"Rostock",1625,2004,"GER",18,10,74,1715,1619,1771,1616,1841
"Wolfsburg",1614,2004,"GER",18,11,78,1708,1613,1769,1614,1841
"Gladbach",1610,2004,"GER",18,12,82,1706,1601,1768,1610,1841
"Hannover",1594,2004,"GER",18,13,89,1693,1582,1756,1594,1841
"Lautern",1581,2004,"GER",18,14,90,1666,1574,1753,1581,1841
"Freiburg",1566,2004,"GER",18,15,93,1664,1566,1741,1566,1841
"Muenchen60",1555,2004,"GER",18,16,97,1657,1555,1740,1555,1841
"Frankfurt",1551,2004,"GER",18,17,100,1617,1532,1733,1551,1841
"Koeln",1511,2004,"GER",18,18,108,1593,1482,1728,1440,1841
"Bayern",1869,2005,"GER",18,1,8,2072,1804,1960,1869,1854
"Werder",1773,2005,"GER",18,2,17,1951,1761,1914,1773,1854
"Leverkusen",1755,2005,"GER",18,3,21,1846,1720,1865,1755,1854
"Hertha",1729,2005,"GER",18,4,28,1818,1686,1817,1726,1854
"Dortmund",1725,2005,"GER",18,5,32,1793,1675,1799,1715,1854
"Stuttgart",1717,2005,"GER",18,6,37,1767,1673,1765,1679,1854
"Schalke",1705,2005,"GER",18,7,45,1751,1671,1762,1669,1854
"Hamburg",1665,2005,"GER",18,8,66,1743,1643,1739,1665,1854
"Wolfsburg",1631,2005,"GER",18,9,79,1723,1631,1738,1631,1854
"Hannover",1623,2005,"GER",18,10,83,1715,1619,1734,1623,1854
"Bochum",1613,2005,"GER",18,11,92,1708,1613,1732,1613,1854
"Gladbach",1603,2005,"GER",18,12,97,1706,1601,1716,1603,1854
"Mainz",1603,2005,"GER",18,13,96,1693,1582,1713,1603,1854
"Lautern",1600,2005,"GER",18,14,99,1666,1574,1693,1600,1854
"Nuernberg",1579,2005,"GER",18,15,102,1664,1566,1692,1579,1854
"Bielefeld",1569,2005,"GER",18,16,103,1657,1555,1680,1569,1854
"Rostock",1566,2005,"GER",18,17,105,1617,1532,1679,1566,1854
"Freiburg",1482,2005,"GER",18,18,122,1593,1482,1639,1482,1854
"Bayern",1841,2006,"GER",18,1,12,2072,1804,1975,1841,1866
"Werder",1790,2006,"GER",18,2,16,1951,1761,1913,1777,1866
"Schalke",1760,2006,"GER",18,3,25,1846,1720,1887,1750,1866
"Leverkusen",1735,2006,"GER",18,4,33,1818,1686,1866,1735,1866
"Hamburg",1723,2006,"GER",18,5,39,1793,1675,1834,1721,1866
"Dortmund",1691,2006,"GER",18,6,52,1767,1673,1799,1691,1866
"Hertha",1672,2006,"GER",18,7,59,1751,1671,1774,1672,1866
"Stuttgart",1663,2006,"GER",18,8,63,1743,1643,1770,1663,1866
"Nuernberg",1632,2006,"GER",18,9,77,1723,1631,1767,1632,1866
"Mainz",1619,2006,"GER",18,10,83,1715,1619,1760,1619,1866
"Hannover",1614,2006,"GER",18,11,84,1708,1613,1760,1614,1866
"Gladbach",1605,2006,"GER",18,12,89,1706,1601,1731,1605,1866
"Frankfurt",1585,2006,"GER",18,13,96,1693,1582,1730,1585,1866
"Wolfsburg",1574,2006,"GER",18,14,98,1666,1574,1728,1574,1866
"Lautern",1573,2006,"GER",18,15,99,1664,1566,1717,1573,1866
"Koeln",1559,2006,"GER",18,16,103,1657,1555,1706,1559,1866
"Bielefeld",1554,2006,"GER",18,17,104,1617,1532,1698,1554,1866
"Duisburg",1514,2006,"GER",18,18,114,1593,1482,1684,1514,1866
"Werder",1809,2007,"GER",18,1,18,2072,1804,1975,1809,1869
"Bayern",1788,2007,"GER",18,2,22,1951,1761,1944,1737,1869
"Stuttgart",1769,2007,"GER",18,3,27,1846,1720,1929,1720,1869
"Schalke",1768,2007,"GER",18,4,28,1818,1686,1890,1712,1869
"Leverkusen",1709,2007,"GER",18,5,48,1793,1675,1853,1704,1869
"Hamburg",1702,2007,"GER",18,6,51,1767,1673,1824,1675,1869
"Nuernberg",1674,2007,"GER",18,7,56,1751,1671,1820,1669,1869
"Dortmund",1670,2007,"GER",18,8,59,1743,1643,1818,1653,1869
"Bochum",1663,2007,"GER",18,9,65,1723,1631,1816,1646,1869
"Hertha",1631,2007,"GER",18,10,80,1715,1619,1794,1631,1869
"Hannover",1619,2007,"GER",18,11,83,1708,1613,1778,1619,1869
"Frankfurt",1605,2007,"GER",18,12,90,1706,1601,1771,1605,1869
"Bielefeld",1603,2007,"GER",18,13,93,1693,1582,1768,1603,1869
"Mainz",1588,2007,"GER",18,14,99,1666,1574,1765,1588,1869
"Wolfsburg",1587,2007,"GER",18,15,100,1664,1566,1741,1587,1869
"Cottbus",1571,2007,"GER",18,16,103,1657,1555,1740,1571,1869
"Gladbach",1541,2007,"GER",18,17,109,1617,1532,1721,1541,1869
"Aachen",1536,2007,"GER",18,18,110,1593,1482,1710,1536,1869
"Bayern",1819,2008,"GER",18,1,17,2072,1804,2031,1819,1873
"Schalke",1780,2008,"GER",18,2,21,1951,1761,2020,1758,1873
"Werder",1779,2008,"GER",18,3,24,1846,1720,1964,1718,1873
"Hamburg",1715,2008,"GER",18,4,47,1818,1686,1946,1699,1873
"Leverkusen",1694,2008,"GER",18,5,54,1793,1675,1852,1680,1873
"Stuttgart",1688,2008,"GER",18,6,55,1767,1673,1824,1675,1873
"Wolfsburg",1679,2008,"GER",18,7,59,1751,1671,1780,1663,1873
"Hannover",1648,2008,"GER",18,8,70,1743,1643,1779,1648,1873
"Hertha",1633,2008,"GER",18,9,75,1723,1631,1772,1633,1873
"Bochum",1626,2008,"GER",18,10,78,1715,1619,1760,1626,1873
"Dortmund",1620,2008,"GER",18,11,82,1708,1613,1757,1620,1873
"Frankfurt",1616,2008,"GER",18,12,85,1706,1601,1748,1616,1873
"Nuernberg",1608,2008,"GER",18,13,88,1693,1582,1745,1608,1873
"Cottbus",1584,2008,"GER",18,14,98,1666,1574,1740,1584,1873
"Bielefeld",1579,2008,"GER",18,15,102,1664,1566,1735,1579,1873
"Karlsruhe",1572,2008,"GER",18,16,106,1657,1555,1732,1572,1873
"Duisburg",1532,2008,"GER",18,17,113,1617,1532,1727,1532,1873
"Rostock",1517,2008,"GER",18,18,117,1593,1482,1720,1517,1873
"Bayern",1847,2009,"GER",18,1,8,2072,1804,1998,1799,1840
"Wolfsburg",1803,2009,"GER",18,2,16,1951,1761,1982,1785,1840
"Stuttgart",1768,2009,"GER",18,3,23,1846,1720,1979,1768,1840
"Werder",1738,2009,"GER",18,4,29,1818,1686,1897,1720,1840
"Hamburg",1736,2009,"GER",18,5,31,1793,1675,1829,1709,1840
"Dortmund",1732,2009,"GER",18,6,34,1767,1673,1778,1704,1840
"Schalke",1716,2009,"GER",18,7,42,1751,1671,1773,1700,1840
"Leverkusen",1687,2009,"GER",18,8,53,1743,1643,1743,1666,1840
"Hertha",1686,2009,"GER",18,9,54,1723,1631,1733,1640,1840
"Hoffenheim",1650,2009,"GER",18,10,67,1715,1619,1729,1637,1840
"Hannover",1631,2009,"GER",18,11,76,1708,1613,1720,1631,1840
"Bochum",1601,2009,"GER",18,12,93,1706,1601,1712,1601,1840
"Gladbach",1582,2009,"GER",18,13,101,1693,1582,1707,1582,1840
"Frankfurt",1582,2009,"GER",18,14,100,1666,1574,1697,1582,1840
"Koeln",1570,2009,"GER",18,15,104,1664,1566,1696,1570,1840
"Karlsruhe",1566,2009,"GER",18,16,106,1657,1555,1692,1566,1840
"Bielefeld",1557,2009,"GER",18,17,109,1617,1532,1678,1557,1840
"Cottbus",1548,2009,"GER",18,18,110,1593,1482,1640,1548,1840
"Bayern",1898,2010,"GER",18,1,6,2072,1804,2021,1829,1829
"Werder",1821,2010,"GER",18,2,12,1951,1761,1953,1821,1829
"Stuttgart",1788,2010,"GER",18,3,19,1846,1720,1872,1788,1829
"Schalke",1783,2010,"GER",18,4,22,1818,1686,1851,1750,1829
"Dortmund",1755,2010,"GER",18,5,27,1793,1675,1790,1737,1829
"Wolfsburg",1753,2010,"GER",18,6,28,1767,1673,1785,1697,1829
"Leverkusen",1751,2010,"GER",18,7,31,1751,1671,1783,1692,1829
"Hamburg",1743,2010,"GER",18,8,34,1743,1643,1766,1691,1829
"Hoffenheim",1671,2010,"GER",18,9,57,1723,1631,1726,1658,1829
"Mainz",1653,2010,"GER",18,10,65,1715,1619,1701,1653,1829
"Frankfurt",1640,2010,"GER",18,11,76,1708,1613,1685,1640,1829
"Hertha",1630,2010,"GER",18,12,81,1706,1601,1676,1630,1829
"Koeln",1622,2010,"GER",18,13,87,1693,1582,1674,1622,1829
"Nuernberg",1621,2010,"GER",18,14,88,1666,1574,1666,1621,1829
"Hannover",1616,2010,"GER",18,15,92,1664,1566,1662,1616,1829
"Gladbach",1613,2010,"GER",18,16,93,1657,1555,1659,1609,1829
"Freiburg",1606,2010,"GER",18,17,96,1617,1532,1644,1574,1829
"Bochum",1564,2010,"GER",18,18,105,1593,1482,1638,1564,1829
"Bayern",1888,2011,"GER",18,1,5,2072,1804,2074,1794,1811
"Dortmund",1850,2011,"GER",18,2,7,1951,1761,2005,1786,1811
"Leverkusen",1808,2011,"GER",18,3,11,1846,1720,1834,1700,1811
"Schalke",1750,2011,"GER",18,4,25,1818,1686,1811,1695,1811
"Mainz",1740,2011,"GER",18,5,27,1793,1675,1802,1691,1811
"Stuttgart",1739,2011,"GER",18,6,28,1767,1673,1793,1673,1811
"Werder",1732,2011,"GER",18,7,31,1751,1671,1769,1655,1811
"Hannover",1723,2011,"GER",18,8,33,1743,1643,1736,1651,1811
"Wolfsburg",1709,2011,"GER",18,9,37,1723,1631,1717,1616,1811
"Hamburg",1707,2011,"GER",18,10,39,1715,1619,1707,1614,1811
"Nuernberg",1687,2011,"GER",18,11,48,1708,1613,1690,1610,1811
"Hoffenheim",1681,2011,"GER",18,12,50,1706,1601,1681,1599,1811
"Lautern",1680,2011,"GER",18,13,52,1693,1582,1680,1590,1811
"Koeln",1665,2011,"GER",18,14,63,1666,1574,1673,1573,1811
"Gladbach",1661,2011,"GER",18,15,66,1664,1566,1673,1545,1811
"Freiburg",1640,2011,"GER",18,16,77,1657,1555,1671,1544,1811
"Frankfurt",1609,2011,"GER",18,17,92,1617,1532,1668,1544,1811
"StPauli",1559,2011,"GER",18,18,104,1593,1482,1638,1541,1811
"Bayern",1931,2012,"GER",18,1,3,2072,1804,2092,1776,1829
"Dortmund",1917,2012,"GER",18,2,5,1951,1761,2075,1756,1829
"Schalke",1806,2012,"GER",18,3,13,1846,1720,1854,1701,1829
"Leverkusen",1778,2012,"GER",18,4,19,1818,1686,1829,1691,1829
"Stuttgart",1775,2012,"GER",18,5,21,1793,1675,1798,1685,1829
"Gladbach",1767,2012,"GER",18,6,23,1767,1673,1780,1656,1829
"Hannover",1727,2012,"GER",18,7,33,1751,1671,1756,1645,1829
"Mainz",1699,2012,"GER",18,8,45,1743,1643,1752,1631,1829
"Wolfsburg",1696,2012,"GER",18,9,46,1723,1631,1745,1612,1829
"Nuernberg",1687,2012,"GER",18,10,50,1715,1619,1736,1601,1829
"Werder",1682,2012,"GER",18,11,53,1708,1613,1719,1596,1829
"Hoffenheim",1681,2012,"GER",18,12,54,1706,1601,1710,1592,1829
"Freiburg",1680,2012,"GER",18,13,55,1693,1582,1710,1589,1829
"Augsburg",1666,2012,"GER",18,14,62,1666,1574,1703,1574,1829
"Hamburg",1658,2012,"GER",18,15,66,1664,1566,1703,1567,1829
"Hertha",1620,2012,"GER",18,16,78,1657,1555,1696,1566,1829
"Koeln",1603,2012,"GER",18,17,86,1617,1532,1674,1551,1829
"Lautern",1591,2012,"GER",18,18,95,1593,1482,1661,1542,1829
"Bayern",2072,2013,"GER",18,1,1,2072,1804,2072,1831,1846
"Dortmund",1951,2013,"GER",18,2,4,1951,1761,2023,1722,1846
"Leverkusen",1837,2013,"GER",18,3,12,1846,1720,1867,1719,1846
"Schalke",1791,2013,"GER",18,4,18,1818,1686,1846,1703,1846
"Freiburg",1742,2013,"GER",18,5,24,1793,1675,1830,1678,1846
"Gladbach",1738,2013,"GER",18,6,25,1767,1673,1790,1677,1846
"Wolfsburg",1735,2013,"GER",18,7,26,1751,1671,1785,1667,1846
"Hannover",1723,2013,"GER",18,8,30,1743,1643,1726,1627,1846
"Nuernberg",1712,2013,"GER",18,9,33,1723,1631,1712,1616,1846
"Frankfurt",1708,2013,"GER",18,10,36,1715,1619,1708,1610,1846
"Mainz",1708,2013,"GER",18,11,35,1708,1613,1708,1595,1846
"Hamburg",1706,2013,"GER",18,12,38,1706,1601,1706,1588,1846
"Stuttgart",1693,2013,"GER",18,13,43,1693,1582,1693,1574,1846
"Augsburg",1665,2013,"GER",18,14,59,1666,1574,1678,1552,1846
"Hoffenheim",1664,2013,"GER",18,15,60,1664,1566,1677,1548,1846
"Werder",1657,2013,"GER",18,16,64,1657,1555,1674,1547,1846
"Duesseldorf",1609,2013,"GER",18,17,87,1617,1532,1655,1547,1846
"Fuerth",1593,2013,"GER",18,18,92,1593,1482,1653,1537,1846
"Bayern",2041,2014,"GER",18,1,2,2072,1804,2078,1866,1868
"Dortmund",1915,2014,"GER",18,2,7,1951,1761,2027,1716,1868
"Schalke",1809,2014,"GER",18,3,18,1846,1720,1978,1706,1868
"Leverkusen",1789,2014,"GER",18,4,22,1818,1686,1866,1701,1868
"Wolfsburg",1769,2014,"GER",18,5,25,1793,1675,1860,1693,1868
"Gladbach",1750,2014,"GER",18,6,29,1767,1673,1830,1654,1868
"Mainz",1713,2014,"GER",18,7,38,1751,1671,1806,1612,1868
"Augsburg",1705,2014,"GER",18,8,40,1743,1643,1786,1587,1868
"Hoffenheim",1692,2014,"GER",18,9,46,1723,1631,1757,1583,1868
"Hannover",1677,2014,"GER",18,10,53,1715,1619,1752,1581,1868
"Freiburg",1664,2014,"GER",18,11,60,1708,1613,1743,1577,1868
"Frankfurt",1660,2014,"GER",18,12,61,1706,1601,1718,1572,1868
"Hertha",1651,2014,"GER",18,13,65,1693,1582,1704,1560,1868
"Werder",1643,2014,"GER",18,14,68,1666,1574,1701,1549,1868
"Stuttgart",1630,2014,"GER",18,15,71,1664,1566,1691,1548,1868
"Hamburg",1613,2014,"GER",18,16,75,1657,1555,1690,1545,1868
"Nuernberg",1591,2014,"GER",18,17,83,1617,1532,1685,1542,1868
"Braunschweig",1552,2014,"GER",18,18,99,1593,1482,1683,1531,1868
"Bayern",1983,2015,"GER",18,1,3,2072,1804,2081,1867,1867
"Wolfsburg",1825,2015,"GER",18,2,14,1951,1761,2063,1762,1867
"Leverkusen",1822,2015,"GER",18,3,15,1846,1720,1946,1743,1867
"Gladbach",1818,2015,"GER",18,4,17,1818,1686,1918,1711,1867
"Dortmund",1793,2015,"GER",18,5,19,1793,1675,1890,1704,1867
"Schalke",1721,2015,"GER",18,6,35,1767,1673,1805,1648,1867
"Augsburg",1700,2015,"GER",18,7,46,1751,1671,1778,1647,1867
"Mainz",1682,2015,"GER",18,8,51,1743,1643,1773,1620,1867
"Hoffenheim",1675,2015,"GER",18,9,53,1723,1631,1750,1580,1867
"Frankfurt",1671,2015,"GER",18,10,55,1715,1619,1743,1578,1867
"Werder",1658,2015,"GER",18,11,59,1708,1613,1723,1577,1867
"Koeln",1656,2015,"GER",18,12,62,1706,1601,1705,1576,1867
"Freiburg",1645,2015,"GER",18,13,66,1693,1582,1685,1572,1867
"Hannover",1645,2015,"GER",18,14,65,1666,1574,1685,1567,1867
"Stuttgart",1632,2015,"GER",18,15,72,1664,1566,1671,1547,1867
"Hertha",1621,2015,"GER",18,16,76,1657,1555,1662,1538,1867
"Hamburg",1610,2015,"GER",18,17,81,1617,1532,1657,1537,1867
"Paderborn",1559,2015,"GER",18,18,101,1593,1482,1638,1519,1867
"Bayern",2020,2016,"GER",18,1,3,2072,1804,2097,1831,1834
"Dortmund",1895,2016,"GER",18,2,7,1951,1761,2041,1713,1834
"Leverkusen",1785,2016,"GER",18,3,17,1846,1720,1964,1694,1834
"Gladbach",1783,2016,"GER",18,4,19,1818,1686,1873,1654,1834
"Wolfsburg",1774,2016,"GER",18,5,23,1793,1675,1847,1641,1834
"Schalke",1732,2016,"GER",18,6,30,1767,1673,1834,1634,1834
"Mainz",1720,2016,"GER",18,7,33,1751,1671,1783,1630,1834
"Hertha",1715,2016,"GER",18,8,37,1743,1643,1760,1624,1834
"Koeln",1663,2016,"GER",18,9,52,1723,1631,1757,1591,1834
"Hoffenheim",1661,2016,"GER",18,10,53,1715,1619,1732,1585,1834
"Augsburg",1659,2016,"GER",18,11,56,1708,1613,1709,1579,1834
"Stuttgart",1653,2016,"GER",18,12,59,1706,1601,1699,1579,1834
"Werder",1652,2016,"GER",18,13,60,1693,1582,1698,1572,1834
"Hamburg",1644,2016,"GER",18,14,64,1666,1574,1693,1569,1834
"Frankfurt",1632,2016,"GER",18,15,71,1664,1566,1691,1560,1834
"Ingolstadt",1608,2016,"GER",18,16,81,1657,1555,1683,1557,1834
"Darmstadt",1578,2016,"GER",18,17,93,1617,1532,1659,1530,1834
"Hannover",1563,2016,"GER",18,18,98,1593,1482,1651,1521,1834
"Lazio",1868,2001,"ITA",18,1,7,1952,1794,1927,1817,1858
"Juventus",1858,2001,"ITA",18,2,10,1913,1768,1918,1761,1858
"Roma",1841,2001,"ITA",18,3,12,1854,1700,1880,1751,1858
"Milan",1789,2001,"ITA",18,4,22,1826,1691,1868,1729,1858
"Parma",1789,2001,"ITA",18,5,21,1798,1685,1865,1700,1858
"Fiorentina",1725,2001,"ITA",18,6,40,1797,1656,1840,1682,1858
"Inter",1718,2001,"ITA",18,7,43,1795,1655,1813,1680,1858
"Bologna",1673,2001,"ITA",18,8,60,1781,1627,1796,1673,1858
"Atalanta",1669,2001,"ITA",18,9,64,1709,1612,1792,1669,1858
"Perugia",1665,2001,"ITA",18,10,65,1692,1601,1791,1665,1858
"Brescia",1664,2001,"ITA",18,11,67,1672,1587,1777,1656,1858
"Udinese",1647,2001,"ITA",18,12,74,1662,1586,1769,1647,1858
"Reggina",1624,2001,"ITA",18,13,80,1658,1568,1756,1624,1858
"Vicenza",1619,2001,"ITA",18,14,82,1648,1552,1755,1619,1858
"Verona",1602,2001,"ITA",18,15,88,1641,1545,1741,1602,1858
"Lecce",1599,2001,"ITA",18,16,89,1634,1544,1732,1599,1858
"Napoli",1591,2001,"ITA",18,17,91,1618,1544,1731,1585,1858
"Bari",1548,2001,"ITA",18,18,99,1616,1440,1705,1548,1858
"Juventus",1871,2002,"ITA",18,1,8,1952,1794,1907,1777,1862
"Roma",1860,2002,"ITA",18,2,11,1913,1768,1904,1732,1862
"Inter",1807,2002,"ITA",18,3,14,1854,1700,1878,1726,1862
"Lazio",1770,2002,"ITA",18,4,22,1826,1691,1865,1723,1862
"Milan",1760,2002,"ITA",18,5,28,1798,1685,1816,1698,1862
"Parma",1699,2002,"ITA",18,6,43,1797,1656,1788,1691,1862
"Bologna",1679,2002,"ITA",18,7,54,1795,1655,1774,1679,1862
"Chievo",1674,2002,"ITA",18,8,57,1781,1627,1767,1661,1862
"Piacenza",1666,2002,"ITA",18,9,60,1709,1612,1766,1654,1862
"Atalanta",1662,2002,"ITA",18,10,61,1692,1601,1763,1649,1862
"Perugia",1661,2002,"ITA",18,11,64,1672,1587,1748,1648,1862
"Brescia",1661,2002,"ITA",18,12,63,1662,1586,1744,1646,1862
"Torino",1658,2002,"ITA",18,13,65,1658,1568,1743,1630,1862
"Udinese",1626,2002,"ITA",18,14,81,1648,1552,1728,1625,1862
"Verona",1608,2002,"ITA",18,15,88,1641,1545,1724,1608,1862
"Lecce",1571,2002,"ITA",18,16,96,1634,1544,1716,1571,1862
"Fiorentina",1564,2002,"ITA",18,17,98,1618,1544,1700,1564,1862
"Venezia",1532,2002,"ITA",18,18,101,1616,1440,1695,1532,1862
"Juventus",1896,2003,"ITA",18,1,3,1952,1794,1923,1730,1832
"Inter",1832,2003,"ITA",18,2,10,1913,1768,1868,1726,1832
"Milan",1821,2003,"ITA",18,3,13,1854,1700,1864,1715,1832
"Lazio",1819,2003,"ITA",18,4,14,1826,1691,1844,1705,1832
"Roma",1791,2003,"ITA",18,5,17,1798,1685,1841,1701,1832
"Parma",1768,2003,"ITA",18,6,22,1797,1656,1821,1699,1832
"Chievo",1721,2003,"ITA",18,7,37,1795,1655,1784,1688,1832
"Udinese",1718,2003,"ITA",18,8,38,1781,1627,1781,1676,1832
"Brescia",1700,2003,"ITA",18,9,45,1709,1612,1764,1668,1832
"Atalanta",1673,2003,"ITA",18,10,59,1692,1601,1762,1643,1832
"Perugia",1672,2003,"ITA",18,11,60,1672,1587,1759,1616,1832
"Bologna",1657,2003,"ITA",18,12,66,1662,1586,1745,1614,1832
"Reggina",1650,2003,"ITA",18,13,72,1658,1568,1744,1610,1832
"Piacenza",1631,2003,"ITA",18,14,79,1648,1552,1740,1601,1832
"Empoli",1628,2003,"ITA",18,15,80,1641,1545,1735,1586,1832
"Modena",1617,2003,"ITA",18,16,82,1634,1544,1722,1571,1832
"Torino",1575,2003,"ITA",18,17,92,1618,1544,1702,1562,1832
"Como",1568,2003,"ITA",18,18,94,1616,1440,1684,1549,1832
"Milan",1858,2004,"ITA",18,1,7,1952,1794,1946,1804,1841
"Juventus",1813,2004,"ITA",18,2,13,1913,1768,1895,1769,1841
"Roma",1802,2004,"ITA",18,3,16,1854,1700,1888,1759,1841
"Inter",1753,2004,"ITA",18,4,31,1826,1691,1860,1750,1841
"Lazio",1734,2004,"ITA",18,5,37,1798,1685,1821,1712,1841
"Parma",1709,2004,"ITA",18,6,46,1797,1656,1805,1691,1841
"Udinese",1679,2004,"ITA",18,7,52,1795,1655,1800,1674,1841
"Chievo",1666,2004,"ITA",18,8,57,1781,1627,1799,1643,1841
"Brescia",1649,2004,"ITA",18,9,65,1709,1612,1794,1631,1841
"Perugia",1616,2004,"ITA",18,10,76,1692,1601,1771,1616,1841
"Sampdoria",1615,2004,"ITA",18,11,77,1672,1587,1769,1614,1841
"Bologna",1613,2004,"ITA",18,12,80,1662,1586,1768,1610,1841
"Lecce",1609,2004,"ITA",18,13,83,1658,1568,1756,1594,1841
"Reggina",1606,2004,"ITA",18,14,84,1648,1552,1753,1581,1841
"Siena",1574,2004,"ITA",18,15,91,1641,1545,1741,1566,1841
"Empoli",1560,2004,"ITA",18,16,96,1634,1544,1740,1555,1841
"Modena",1553,2004,"ITA",18,17,98,1618,1544,1733,1551,1841
"Ancona",1440,2004,"ITA",18,18,117,1616,1440,1728,1440,1841
"Milan",1904,2005,"ITA",20,1,3,1952,1794,1960,1869,1854
"Juventus",1882,2005,"ITA",20,2,7,1913,1768,1914,1773,1854
"Inter",1854,2005,"ITA",20,3,10,1854,1700,1865,1755,1854
"Udinese",1733,2005,"ITA",20,4,26,1826,1691,1817,1726,1854
"Sampdoria",1715,2005,"ITA",20,5,39,1798,1685,1799,1715,1854
"Parma",1679,2005,"ITA",20,6,59,1797,1656,1765,1679,1854
"Lazio",1669,2005,"ITA",20,7,64,1795,1655,1762,1669,1854
"Roma",1665,2005,"ITA",20,8,65,1781,1627,1739,1665,1854
"Palermo",1662,2005,"ITA",20,9,68,1709,1612,1738,1631,1854
"Siena",1639,2005,"ITA",20,10,74,1692,1601,1734,1623,1854
"Lecce",1632,2005,"ITA",20,11,77,1672,1587,1732,1613,1854
"Bologna",1632,2005,"ITA",20,12,76,1662,1586,1716,1603,1854
"Chievo",1632,2005,"ITA",20,13,78,1658,1568,1713,1603,1854
"Brescia",1627,2005,"ITA",20,14,80,1648,1552,1693,1600,1854
"Messina",1627,2005,"ITA",20,15,81,1641,1545,1692,1579,1854
"Reggina",1626,2005,"ITA",20,16,82,1634,1544,1680,1569,1854
"Cagliari",1618,2005,"ITA",20,17,88,1618,1544,1679,1566,1854
"Livorno",1616,2005,"ITA",20,18,91,1616,1440,1639,1482,1854
"Fiorentina",1610,2005,"ITA",20,19,93,1610,1488,1623,1606,1854
"Atalanta",1600,2005,"ITA",20,20,98,1600,1419,1619,1558,1854
"Milan",1952,2006,"ITA",20,1,2,1952,1794,1975,1841,1866
"Juventus",1913,2006,"ITA",20,2,4,1913,1768,1913,1777,1866
"Inter",1837,2006,"ITA",20,3,13,1854,1700,1887,1750,1866
"Roma",1772,2006,"ITA",20,4,19,1826,1691,1866,1735,1866
"Fiorentina",1750,2006,"ITA",20,5,29,1798,1685,1834,1721,1866
"Lazio",1732,2006,"ITA",20,6,34,1797,1656,1799,1691,1866
"Palermo",1674,2006,"ITA",20,7,57,1795,1655,1774,1672,1866
"Chievo",1673,2006,"ITA",20,8,58,1781,1627,1770,1663,1866
"Udinese",1663,2006,"ITA",20,9,65,1709,1612,1767,1632,1866
"Parma",1648,2006,"ITA",20,10,70,1692,1601,1760,1619,1866
"Livorno",1634,2006,"ITA",20,11,75,1672,1587,1760,1614,1866
"Sampdoria",1629,2006,"ITA",20,12,78,1662,1586,1731,1605,1866
"Cagliari",1622,2006,"ITA",20,13,81,1658,1568,1730,1585,1866
"Empoli",1610,2006,"ITA",20,14,86,1648,1552,1728,1574,1866
"Siena",1608,2006,"ITA",20,15,88,1641,1545,1717,1573,1866
"Reggina",1600,2006,"ITA",20,16,91,1634,1544,1706,1559,1866
"Lecce",1575,2006,"ITA",20,17,97,1618,1544,1698,1554,1866
"Ascoli",1573,2006,"ITA",20,18,100,1616,1440,1684,1514,1866
"Messina",1571,2006,"ITA",20,19,101,1610,1488,1677,1571,1866
"Treviso",1488,2006,"ITA",20,20,119,1600,1419,1628,1488,1866
"Inter",1898,2007,"ITA",20,1,6,1952,1794,1975,1809,1869
"Milan",1885,2007,"ITA",20,2,8,1913,1768,1944,1737,1869
"Roma",1814,2007,"ITA",20,3,17,1854,1700,1929,1720,1869
"Fiorentina",1795,2007,"ITA",20,4,20,1826,1691,1890,1712,1869
"Lazio",1764,2007,"ITA",20,5,31,1798,1685,1853,1704,1869
"Palermo",1675,2007,"ITA",20,6,55,1797,1656,1824,1675,1869
"Reggina",1669,2007,"ITA",20,7,61,1795,1655,1820,1669,1869
"Atalanta",1653,2007,"ITA",20,8,68,1781,1627,1818,1653,1869
"Empoli",1646,2007,"ITA",20,9,71,1709,1612,1816,1646,1869
"Sampdoria",1646,2007,"ITA",20,10,70,1692,1601,1794,1631,1869
"Parma",1643,2007,"ITA",20,11,73,1672,1587,1778,1619,1869
"Udinese",1638,2007,"ITA",20,12,76,1662,1586,1771,1605,1869
"Chievo",1628,2007,"ITA",20,13,81,1658,1568,1768,1603,1869
"Livorno",1614,2007,"ITA",20,14,86,1648,1552,1765,1588,1869
"Cagliari",1610,2007,"ITA",20,15,89,1641,1545,1741,1587,1869
"Torino",1604,2007,"ITA",20,16,91,1634,1544,1740,1571,1869
"Siena",1602,2007,"ITA",20,17,94,1618,1544,1721,1541,1869
"Catania",1580,2007,"ITA",20,18,101,1616,1440,1710,1536,1869
"Ascoli",1542,2007,"ITA",20,19,108,1610,1488,1703,1542,1869
"Messina",1513,2007,"ITA",20,20,114,1600,1419,1640,1513,1869
"Inter",1896,2008,"ITA",20,1,7,1952,1794,2031,1819,1873
"Roma",1873,2008,"ITA",20,2,10,1913,1768,2020,1758,1873
"Juventus",1829,2008,"ITA",20,3,13,1854,1700,1964,1718,1873
"Milan",1826,2008,"ITA",20,4,14,1826,1691,1946,1699,1873
"Fiorentina",1787,2008,"ITA",20,5,20,1798,1685,1852,1680,1873
"Sampdoria",1710,2008,"ITA",20,6,48,1797,1656,1824,1675,1873
"Lazio",1706,2008,"ITA",20,7,50,1795,1655,1780,1663,1873
"Udinese",1659,2008,"ITA",20,8,65,1781,1627,1779,1648,1873
"Siena",1657,2008,"ITA",20,9,66,1709,1612,1772,1633,1873
"Napoli",1650,2008,"ITA",20,10,68,1692,1601,1760,1626,1873
"Atalanta",1649,2008,"ITA",20,11,69,1672,1587,1757,1620,1873
"Palermo",1647,2008,"ITA",20,12,71,1662,1586,1748,1616,1873
"Reggina",1637,2008,"ITA",20,13,73,1658,1568,1745,1608,1873
"Cagliari",1633,2008,"ITA",20,14,74,1648,1552,1740,1584,1873
"Genoa",1624,2008,"ITA",20,15,79,1641,1545,1735,1579,1873
"Torino",1611,2008,"ITA",20,16,87,1634,1544,1732,1572,1873
"Parma",1598,2008,"ITA",20,17,94,1618,1544,1727,1532,1873
"Catania",1594,2008,"ITA",20,18,96,1616,1440,1720,1517,1873
"Empoli",1584,2008,"ITA",20,19,99,1610,1488,1671,1524,1873
"Livorno",1559,2008,"ITA",20,20,108,1600,1419,1621,1507,1873
"Inter",1862,2009,"ITA",20,1,6,1952,1794,1998,1799,1840
"Juventus",1832,2009,"ITA",20,2,12,1913,1768,1982,1785,1840
"Milan",1821,2009,"ITA",20,3,14,1854,1700,1979,1768,1840
"Roma",1784,2009,"ITA",20,4,19,1826,1691,1897,1720,1840
"Fiorentina",1746,2009,"ITA",20,5,25,1798,1685,1829,1709,1840
"Udinese",1722,2009,"ITA",20,6,36,1797,1656,1778,1704,1840
"Genoa",1716,2009,"ITA",20,7,41,1795,1655,1773,1700,1840
"Palermo",1680,2009,"ITA",20,8,56,1781,1627,1743,1666,1840
"Cagliari",1657,2009,"ITA",20,9,62,1709,1612,1733,1640,1840
"Sampdoria",1656,2009,"ITA",20,10,63,1692,1601,1729,1637,1840
"Atalanta",1639,2009,"ITA",20,11,71,1672,1587,1720,1631,1840
"Lazio",1638,2009,"ITA",20,12,72,1662,1586,1712,1601,1840
"Chievo",1632,2009,"ITA",20,13,75,1658,1568,1707,1582,1840
"Siena",1626,2009,"ITA",20,14,79,1648,1552,1697,1582,1840
"Napoli",1615,2009,"ITA",20,15,86,1641,1545,1696,1570,1840
"Bologna",1590,2009,"ITA",20,16,97,1634,1544,1692,1566,1840
"Catania",1586,2009,"ITA",20,17,98,1618,1544,1678,1557,1840
"Reggina",1575,2009,"ITA",20,18,102,1616,1440,1640,1548,1840
"Torino",1566,2009,"ITA",20,19,105,1610,1488,1628,1562,1840
"Lecce",1562,2009,"ITA",20,20,107,1600,1419,1610,1510,1840
"Inter",1932,2010,"ITA",20,1,5,1952,1794,2021,1829,1829
"Roma",1832,2010,"ITA",20,2,9,1913,1768,1953,1821,1829
"Milan",1789,2010,"ITA",20,3,18,1854,1700,1872,1788,1829
"Palermo",1750,2010,"ITA",20,4,32,1826,1691,1851,1750,1829
"Sampdoria",1737,2010,"ITA",20,5,36,1798,1685,1790,1737,1829
"Juventus",1702,2010,"ITA",20,6,42,1797,1656,1785,1697,1829
"Napoli",1696,2010,"ITA",20,7,45,1795,1655,1783,1692,1829
"Fiorentina",1696,2010,"ITA",20,8,46,1781,1627,1766,1691,1829
"Genoa",1674,2010,"ITA",20,9,55,1709,1612,1726,1658,1829
"Udinese",1673,2010,"ITA",20,10,56,1692,1601,1701,1653,1829
"Lazio",1658,2010,"ITA",20,11,63,1672,1587,1685,1640,1829
"Parma",1653,2010,"ITA",20,12,66,1662,1586,1676,1630,1829
"Catania",1652,2010,"ITA",20,13,68,1658,1568,1674,1622,1829
"Bari",1648,2010,"ITA",20,14,70,1648,1552,1666,1621,1829
"Cagliari",1641,2010,"ITA",20,15,75,1641,1545,1662,1616,1829
"Chievo",1634,2010,"ITA",20,16,80,1634,1544,1659,1609,1829
"Bologna",1617,2010,"ITA",20,17,91,1618,1544,1644,1574,1829
"Atalanta",1610,2010,"ITA",20,18,94,1616,1440,1638,1564,1829
"Siena",1583,2010,"ITA",20,19,99,1610,1488,1627,1551,1829
"Livorno",1535,2010,"ITA",20,20,112,1600,1419,1619,1529,1829
"Inter",1794,2011,"ITA",20,1,15,1952,1794,2074,1794,1811
"Milan",1792,2011,"ITA",20,2,17,1913,1768,2005,1786,1811
"Roma",1700,2011,"ITA",20,3,41,1854,1700,1834,1700,1811
"Udinese",1695,2011,"ITA",20,4,42,1826,1691,1811,1695,1811
"Napoli",1691,2011,"ITA",20,5,44,1798,1685,1802,1691,1811
"Lazio",1673,2011,"ITA",20,6,59,1797,1656,1793,1673,1811
"Juventus",1655,2011,"ITA",20,7,68,1795,1655,1769,1655,1811
"Fiorentina",1651,2011,"ITA",20,8,71,1781,1627,1736,1651,1811
"Genoa",1616,2011,"ITA",20,9,83,1709,1612,1717,1616,1811
"Palermo",1614,2011,"ITA",20,10,87,1692,1601,1707,1614,1811
"Parma",1610,2011,"ITA",20,11,91,1672,1587,1690,1610,1811
"Chievo",1599,2011,"ITA",20,12,94,1662,1586,1681,1599,1811
"Catania",1590,2011,"ITA",20,13,98,1658,1568,1680,1590,1811
"Cagliari",1573,2011,"ITA",20,14,103,1648,1552,1673,1573,1811
"Cesena",1545,2011,"ITA",20,15,109,1641,1545,1673,1545,1811
"Bologna",1544,2011,"ITA",20,16,110,1634,1544,1671,1544,1811
"Lecce",1544,2011,"ITA",20,17,111,1618,1544,1668,1544,1811
"Sampdoria",1541,2011,"ITA",20,18,113,1616,1440,1638,1541,1811
"Brescia",1510,2011,"ITA",20,19,122,1610,1488,1615,1510,1811
"Bari",1499,2011,"ITA",20,20,125,1600,1419,1613,1455,1811
"Milan",1800,2012,"ITA",20,1,14,1952,1794,2092,1776,1829
"Juventus",1788,2012,"ITA",20,2,17,1913,1768,2075,1756,1829
"Napoli",1701,2012,"ITA",20,3,44,1854,1700,1854,1701,1829
"Inter",1691,2012,"ITA",20,4,48,1826,1691,1829,1691,1829
"Udinese",1685,2012,"ITA",20,5,52,1798,1685,1798,1685,1829
"Parma",1656,2012,"ITA",20,6,67,1797,1656,1780,1656,1829
"Lazio",1655,2012,"ITA",20,7,68,1795,1655,1756,1645,1829
"Roma",1646,2012,"ITA",20,8,70,1781,1627,1752,1631,1829
"Bologna",1612,2012,"ITA",20,9,82,1709,1612,1745,1612,1829
"Fiorentina",1601,2012,"ITA",20,10,88,1692,1601,1736,1601,1829
"Chievo",1596,2012,"ITA",20,11,91,1672,1587,1719,1596,1829
"Atalanta",1592,2012,"ITA",20,12,92,1662,1586,1710,1592,1829
"Catania",1591,2012,"ITA",20,13,94,1658,1568,1710,1589,1829
"Siena",1574,2012,"ITA",20,14,102,1648,1552,1703,1574,1829
"Palermo",1567,2012,"ITA",20,15,103,1641,1545,1703,1567,1829
"Cagliari",1566,2012,"ITA",20,16,105,1634,1544,1696,1566,1829
"Genoa",1551,2012,"ITA",20,17,108,1618,1544,1674,1551,1829
"Lecce",1542,2012,"ITA",20,18,110,1616,1440,1661,1542,1829
"Novara",1488,2012,"ITA",20,19,122,1610,1488,1645,1488,1829
"Cesena",1459,2012,"ITA",20,20,125,1600,1419,1612,1459,1829
"Juventus",1831,2013,"ITA",20,1,14,1952,1794,2072,1831,1846
"Milan",1781,2013,"ITA",20,2,21,1913,1768,2023,1722,1846
"Napoli",1728,2013,"ITA",20,3,28,1854,1700,1867,1719,1846
"Udinese",1705,2013,"ITA",20,4,39,1826,1691,1846,1703,1846
"Fiorentina",1697,2013,"ITA",20,5,41,1798,1685,1830,1678,1846
"Lazio",1678,2013,"ITA",20,6,50,1797,1656,1790,1677,1846
"Roma",1667,2013,"ITA",20,7,55,1795,1655,1785,1667,1846
"Catania",1627,2013,"ITA",20,8,81,1781,1627,1726,1627,1846
"Inter",1616,2013,"ITA",20,9,83,1709,1612,1712,1616,1846
"Parma",1614,2013,"ITA",20,10,84,1692,1601,1708,1610,1846
"Cagliari",1598,2013,"ITA",20,11,89,1672,1587,1708,1595,1846
"Bologna",1593,2013,"ITA",20,12,91,1662,1586,1706,1588,1846
"Chievo",1578,2013,"ITA",20,13,94,1658,1568,1693,1574,1846
"Atalanta",1552,2013,"ITA",20,14,108,1648,1552,1678,1552,1846
"Sampdoria",1548,2013,"ITA",20,15,110,1641,1545,1677,1548,1846
"Genoa",1547,2013,"ITA",20,16,111,1634,1544,1674,1547,1846
"Torino",1547,2013,"ITA",20,17,112,1618,1544,1655,1547,1846
"Palermo",1537,2013,"ITA",20,18,114,1616,1440,1653,1537,1846
"Siena",1525,2013,"ITA",20,19,115,1610,1488,1650,1525,1846
"Pescara",1419,2013,"ITA",20,20,130,1600,1419,1644,1419,1846
"Juventus",1898,2014,"ITA",20,1,9,1952,1794,2078,1866,1868
"Napoli",1790,2014,"ITA",20,2,21,1913,1768,2027,1716,1868
"Roma",1762,2014,"ITA",20,3,26,1854,1700,1978,1706,1868
"Milan",1721,2014,"ITA",20,4,32,1826,1691,1866,1701,1868
"Fiorentina",1715,2014,"ITA",20,5,37,1798,1685,1860,1693,1868
"Inter",1679,2014,"ITA",20,6,52,1797,1656,1830,1654,1868
"Parma",1665,2014,"ITA",20,7,58,1795,1655,1806,1612,1868
"Lazio",1647,2014,"ITA",20,8,67,1781,1627,1786,1587,1868
"Torino",1639,2014,"ITA",20,9,69,1709,1612,1757,1583,1868
"Udinese",1610,2014,"ITA",20,10,78,1692,1601,1752,1581,1868
"Verona",1587,2014,"ITA",20,11,85,1672,1587,1743,1577,1868
"Atalanta",1586,2014,"ITA",20,12,86,1662,1586,1718,1572,1868
"Genoa",1568,2014,"ITA",20,13,94,1658,1568,1704,1560,1868
"Sampdoria",1563,2014,"ITA",20,14,95,1648,1552,1701,1549,1868
"Cagliari",1562,2014,"ITA",20,15,96,1641,1545,1691,1548,1868
"Catania",1551,2014,"ITA",20,16,101,1634,1544,1690,1545,1868
"Chievo",1548,2014,"ITA",20,17,104,1618,1544,1685,1542,1868
"Sassuolo",1531,2014,"ITA",20,18,112,1616,1440,1683,1531,1868
"Bologna",1519,2014,"ITA",20,19,114,1610,1488,1675,1484,1868
"Livorno",1455,2014,"ITA",20,20,124,1600,1419,1667,1455,1868
"Juventus",1944,2015,"ITA",20,1,5,1952,1794,2081,1867,1867
"Fiorentina",1768,2015,"ITA",20,2,23,1913,1768,2063,1762,1867
"Napoli",1764,2015,"ITA",20,3,24,1854,1700,1946,1743,1867
"Lazio",1761,2015,"ITA",20,4,27,1826,1691,1918,1711,1867
"Roma",1759,2015,"ITA",20,5,28,1798,1685,1890,1704,1867
"Inter",1711,2015,"ITA",20,6,40,1797,1656,1805,1648,1867
"Milan",1701,2015,"ITA",20,7,45,1795,1655,1778,1647,1867
"Torino",1686,2015,"ITA",20,8,47,1781,1627,1773,1620,1867
"Genoa",1682,2015,"ITA",20,9,50,1709,1612,1750,1580,1867
"Sampdoria",1663,2015,"ITA",20,10,57,1692,1601,1743,1578,1867
"Palermo",1638,2015,"ITA",20,11,70,1672,1587,1723,1577,1867
"Verona",1625,2015,"ITA",20,12,74,1662,1586,1705,1576,1867
"Sassuolo",1617,2015,"ITA",20,13,78,1658,1568,1685,1572,1867
"Empoli",1605,2015,"ITA",20,14,82,1648,1552,1685,1567,1867
"Chievo",1603,2015,"ITA",20,15,83,1641,1545,1671,1547,1867
"Udinese",1590,2015,"ITA",20,16,85,1634,1544,1662,1538,1867
"Atalanta",1587,2015,"ITA",20,17,87,1618,1544,1657,1537,1867
"Cagliari",1577,2015,"ITA",20,18,94,1616,1440,1638,1519,1867
"Parma",1564,2015,"ITA",20,19,100,1610,1488,1623,1462,1867
"Cesena",1476,2015,"ITA",20,20,122,1600,1419,1549,1459,1867
"Juventus",1924,2016,"ITA",20,1,5,1952,1794,2097,1831,1834
"Napoli",1833,2016,"ITA",20,2,11,1913,1768,2041,1713,1834
"Roma",1776,2016,"ITA",20,3,22,1854,1700,1964,1694,1834
"Fiorentina",1722,2016,"ITA",20,4,32,1826,1691,1873,1654,1834
"Inter",1716,2016,"ITA",20,5,35,1798,1685,1847,1641,1834
"Milan",1708,2016,"ITA",20,6,41,1797,1656,1834,1634,1834
"Lazio",1686,2016,"ITA",20,7,49,1795,1655,1783,1630,1834
"Sassuolo",1647,2016,"ITA",20,8,62,1781,1627,1760,1624,1834
"Genoa",1633,2016,"ITA",20,9,70,1709,1612,1757,1591,1834
"Torino",1616,2016,"ITA",20,10,78,1692,1601,1732,1585,1834
"Chievo",1614,2016,"ITA",20,11,80,1672,1587,1709,1579,1834
"Sampdoria",1587,2016,"ITA",20,12,87,1662,1586,1699,1579,1834
"Empoli",1583,2016,"ITA",20,13,90,1658,1568,1698,1572,1834
"Atalanta",1570,2016,"ITA",20,14,96,1648,1552,1693,1569,1834
"Bologna",1560,2016,"ITA",20,15,102,1641,1545,1691,1560,1834
"Palermo",1557,2016,"ITA",20,16,104,1634,1544,1683,1557,1834
"Udinese",1557,2016,"ITA",20,17,103,1618,1544,1659,1530,1834
"Carpi",1535,2016,"ITA",20,18,106,1616,1440,1651,1521,1834
"Verona",1531,2016,"ITA",20,19,107,1610,1488,1644,1508,1834
"Frosinone",1484,2016,"ITA",20,20,118,1600,1419,1642,1451,1834
"Lyon",1817,2001,"FRA",18,1,15,1900,1730,1927,1817,1858
"Nantes",1782,2001,"FRA",18,2,23,1826,1713,1918,1761,1858
"Bordeaux",1752,2001,"FRA",18,3,29,1797,1694,1880,1751,1858
"Lille",1729,2001,"FRA",18,4,37,1781,1654,1868,1729,1858
"Monaco",1700,2001,"FRA",18,5,47,1752,1641,1865,1700,1858
"ParisSG",1682,2001,"FRA",18,6,54,1735,1634,1840,1682,1858
"Rennes",1680,2001,"FRA",18,7,56,1734,1612,1813,1680,1858
"Sedan",1678,2001,"FRA",18,8,57,1725,1587,1796,1673,1858
"Lens",1676,2001,"FRA",18,9,59,1706,1580,1792,1669,1858
"Metz",1669,2001,"FRA",18,10,62,1696,1578,1791,1665,1858
"Bastia",1656,2001,"FRA",18,11,71,1682,1577,1777,1656,1858
"Marseille",1652,2001,"FRA",18,12,73,1678,1572,1769,1647,1858
"Troyes",1646,2001,"FRA",18,13,75,1676,1560,1756,1624,1858
"Auxerre",1623,2001,"FRA",18,14,81,1670,1549,1755,1619,1858
"Guingamp",1612,2001,"FRA",18,15,83,1663,1547,1741,1602,1858
"Saint-Etienne",1604,2001,"FRA",18,16,87,1642,1538,1732,1599,1858
"Toulouse",1585,2001,"FRA",18,17,93,1619,1530,1731,1585,1858
"Strasbourg",1573,2001,"FRA",18,18,95,1618,1519,1705,1548,1858
"Lyon",1777,2002,"FRA",18,1,20,1900,1730,1907,1777,1862
"ParisSG",1732,2002,"FRA",18,2,32,1826,1713,1904,1732,1862
"Lens",1726,2002,"FRA",18,3,35,1797,1694,1878,1726,1862
"Lille",1723,2002,"FRA",18,4,39,1781,1654,1865,1723,1862
"Nantes",1698,2002,"FRA",18,5,44,1752,1641,1816,1698,1862
"Bordeaux",1691,2002,"FRA",18,6,48,1735,1634,1788,1691,1862
"Auxerre",1684,2002,"FRA",18,7,52,1734,1612,1774,1679,1862
"Troyes",1661,2002,"FRA",18,8,62,1725,1587,1767,1661,1862
"Marseille",1654,2002,"FRA",18,9,68,1706,1580,1766,1654,1862
"Monaco",1649,2002,"FRA",18,10,71,1696,1578,1763,1649,1862
"Rennes",1648,2002,"FRA",18,11,72,1682,1577,1748,1648,1862
"Sochaux",1646,2002,"FRA",18,12,73,1678,1572,1744,1646,1862
"Bastia",1643,2002,"FRA",18,13,75,1676,1560,1743,1630,1862
"Sedan",1630,2002,"FRA",18,14,79,1670,1549,1728,1625,1862
"Montpellier",1623,2002,"FRA",18,15,83,1663,1547,1724,1608,1862
"Metz",1601,2002,"FRA",18,16,90,1642,1538,1716,1571,1862
"Guingamp",1577,2002,"FRA",18,17,92,1619,1530,1700,1564,1862
"Lorient",1566,2002,"FRA",18,18,97,1618,1519,1695,1532,1862
"Lyon",1730,2003,"FRA",20,1,30,1900,1730,1923,1730,1832
"Monaco",1726,2003,"FRA",20,2,32,1826,1713,1868,1726,1832
"Bordeaux",1715,2003,"FRA",20,3,39,1797,1694,1864,1715,1832
"Auxerre",1705,2003,"FRA",20,4,42,1781,1654,1844,1705,1832
"Sochaux",1701,2003,"FRA",20,5,44,1752,1641,1841,1701,1832
"Lens",1700,2003,"FRA",20,6,46,1735,1634,1821,1699,1832
"Guingamp",1688,2003,"FRA",20,7,49,1734,1612,1784,1688,1832
"ParisSG",1678,2003,"FRA",20,8,53,1725,1587,1781,1676,1832
"Marseille",1668,2003,"FRA",20,9,61,1706,1580,1764,1668,1832
"Nantes",1643,2003,"FRA",20,10,74,1696,1578,1762,1643,1832
"Lille",1616,2003,"FRA",20,11,83,1682,1577,1759,1616,1832
"Nice",1614,2003,"FRA",20,12,84,1678,1572,1745,1614,1832
"Bastia",1610,2003,"FRA",20,13,86,1676,1560,1744,1610,1832
"Rennes",1601,2003,"FRA",20,14,88,1670,1549,1740,1601,1832
"Montpellier",1586,2003,"FRA",20,15,89,1663,1547,1735,1586,1832
"Strasbourg",1571,2003,"FRA",20,16,93,1642,1538,1722,1571,1832
"Sedan",1562,2003,"FRA",20,17,95,1619,1530,1702,1562,1832
"Troyes",1549,2003,"FRA",20,18,98,1618,1519,1684,1549,1832
"Ajaccio",1547,2003,"FRA",20,19,100,1617,1462,1681,1528,1832
"LeHavre",1531,2003,"FRA",20,20,102,1590,1451,1677,1496,1832
"Lyon",1842,2004,"FRA",20,1,9,1900,1730,1946,1804,1841
"Monaco",1826,2004,"FRA",20,2,11,1826,1713,1895,1769,1841
"ParisSG",1797,2004,"FRA",20,3,19,1797,1694,1888,1759,1841
"Auxerre",1781,2004,"FRA",20,4,21,1781,1654,1860,1750,1841
"Sochaux",1745,2004,"FRA",20,5,33,1752,1641,1821,1712,1841
"Marseille",1735,2004,"FRA",20,6,36,1735,1634,1805,1691,1841
"Nantes",1734,2004,"FRA",20,7,38,1734,1612,1800,1674,1841
"Bordeaux",1725,2004,"FRA",20,8,42,1725,1587,1799,1643,1841
"Rennes",1706,2004,"FRA",20,9,47,1706,1580,1794,1631,1841
"Lille",1680,2004,"FRA",20,10,50,1696,1578,1771,1616,1841
"Nice",1680,2004,"FRA",20,11,51,1682,1577,1769,1614,1841
"Lens",1675,2004,"FRA",20,12,54,1678,1572,1768,1610,1841
"Guingamp",1634,2004,"FRA",20,13,69,1676,1560,1756,1594,1841
"Strasbourg",1632,2004,"FRA",20,14,70,1670,1549,1753,1581,1841
"Metz",1631,2004,"FRA",20,15,71,1663,1547,1741,1566,1841
"LeMans",1620,2004,"FRA",20,16,75,1642,1538,1740,1555,1841
"Toulouse",1614,2004,"FRA",20,17,79,1619,1530,1733,1551,1841
"Bastia",1612,2004,"FRA",20,18,81,1618,1519,1728,1440,1841
"Ajaccio",1598,2004,"FRA",20,19,88,1617,1462,1714,1598,1841
"Montpellier",1551,2004,"FRA",20,20,101,1590,1451,1650,1551,1841
"Lyon",1893,2005,"FRA",20,1,4,1900,1730,1960,1869,1854
"Monaco",1800,2005,"FRA",20,2,14,1826,1713,1914,1773,1854
"Lille",1759,2005,"FRA",20,3,20,1797,1694,1865,1755,1854
"Rennes",1726,2005,"FRA",20,4,31,1781,1654,1817,1726,1854
"ParisSG",1722,2005,"FRA",20,5,34,1752,1641,1799,1715,1854
"Marseille",1709,2005,"FRA",20,6,41,1735,1634,1765,1679,1854
"Lens",1703,2005,"FRA",20,7,46,1734,1612,1762,1669,1854
"Auxerre",1698,2005,"FRA",20,8,47,1725,1587,1739,1665,1854
"Saint-Etienne",1695,2005,"FRA",20,9,48,1706,1580,1738,1631,1854
"Sochaux",1689,2005,"FRA",20,10,53,1696,1578,1734,1623,1854
"Nantes",1682,2005,"FRA",20,11,56,1682,1577,1732,1613,1854
"Strasbourg",1678,2005,"FRA",20,12,61,1678,1572,1716,1603,1854
"Nice",1676,2005,"FRA",20,13,62,1676,1560,1713,1603,1854
"Bordeaux",1670,2005,"FRA",20,14,63,1670,1549,1693,1600,1854
"Ajaccio",1663,2005,"FRA",20,15,67,1663,1547,1692,1579,1854
"Metz",1642,2005,"FRA",20,16,70,1642,1538,1680,1569,1854
"Bastia",1619,2005,"FRA",20,17,86,1619,1530,1679,1566,1854
"Caen",1618,2005,"FRA",20,18,89,1618,1519,1639,1482,1854
"Toulouse",1617,2005,"FRA",20,19,90,1617,1462,1623,1606,1854
"Istres",1558,2005,"FRA",20,20,107,1590,1451,1619,1558,1854
"Lyon",1888,2006,"FRA",20,1,7,1900,1730,1975,1841,1866
"Lille",1777,2006,"FRA",20,2,17,1826,1713,1913,1777,1866
"Bordeaux",1750,2006,"FRA",20,3,28,1797,1694,1887,1750,1866
"Marseille",1739,2006,"FRA",20,4,32,1781,1654,1866,1735,1866
"Lens",1721,2006,"FRA",20,5,41,1752,1641,1834,1721,1866
"Monaco",1718,2006,"FRA",20,6,42,1735,1634,1799,1691,1866
"Nice",1718,2006,"FRA",20,7,43,1734,1612,1774,1672,1866
"Auxerre",1710,2006,"FRA",20,8,45,1725,1587,1770,1663,1866
"ParisSG",1696,2006,"FRA",20,9,50,1706,1580,1767,1632,1866
"Rennes",1696,2006,"FRA",20,10,51,1696,1578,1760,1619,1866
"LeMans",1671,2006,"FRA",20,11,60,1682,1577,1760,1614,1866
"Nantes",1659,2006,"FRA",20,12,66,1678,1572,1731,1605,1866
"Sochaux",1651,2006,"FRA",20,13,69,1676,1560,1730,1585,1866
"Saint-Etienne",1646,2006,"FRA",20,14,71,1670,1549,1728,1574,1866
"Nancy",1639,2006,"FRA",20,15,73,1663,1547,1717,1573,1866
"Strasbourg",1610,2006,"FRA",20,16,85,1642,1538,1706,1559,1866
"Toulouse",1610,2006,"FRA",20,17,87,1619,1530,1698,1554,1866
"Troyes",1601,2006,"FRA",20,18,90,1618,1519,1684,1514,1866
"Ajaccio",1588,2006,"FRA",20,19,95,1617,1462,1677,1571,1866
"Metz",1564,2006,"FRA",20,20,102,1590,1451,1628,1488,1866
"Lyon",1856,2007,"FRA",20,1,11,1900,1730,1975,1809,1869
"Marseille",1737,2007,"FRA",20,2,37,1826,1713,1944,1737,1869
"Rennes",1720,2007,"FRA",20,3,42,1797,1694,1929,1720,1869
"Bordeaux",1712,2007,"FRA",20,4,46,1781,1654,1890,1712,1869
"Monaco",1704,2007,"FRA",20,5,49,1752,1641,1853,1704,1869
"Auxerre",1699,2007,"FRA",20,6,52,1735,1634,1824,1675,1869
"ParisSG",1685,2007,"FRA",20,7,53,1734,1612,1820,1669,1869
"Lens",1681,2007,"FRA",20,8,54,1725,1587,1818,1653,1869
"Lille",1673,2007,"FRA",20,9,57,1706,1580,1816,1646,1869
"LeMans",1664,2007,"FRA",20,10,64,1696,1578,1794,1631,1869
"Nice",1664,2007,"FRA",20,11,63,1682,1577,1778,1619,1869
"Sochaux",1662,2007,"FRA",20,12,66,1678,1572,1771,1605,1869
"Toulouse",1651,2007,"FRA",20,13,69,1676,1560,1768,1603,1869
"Nancy",1633,2007,"FRA",20,14,77,1670,1549,1765,1588,1869
"Saint-Etienne",1632,2007,"FRA",20,15,78,1663,1547,1741,1587,1869
"Lorient",1613,2007,"FRA",20,16,87,1642,1538,1740,1571,1869
"Valenciennes",1604,2007,"FRA",20,17,92,1619,1530,1721,1541,1869
"Nantes",1593,2007,"FRA",20,18,96,1618,1519,1710,1536,1869
"Troyes",1591,2007,"FRA",20,19,97,1617,1462,1703,1542,1869
"Sedan",1590,2007,"FRA",20,20,98,1590,1451,1640,1513,1869
"Lyon",1819,2008,"FRA",20,1,16,1900,1730,2031,1819,1873
"Bordeaux",1758,2008,"FRA",20,2,31,1826,1713,2020,1758,1873
"Marseille",1718,2008,"FRA",20,3,44,1797,1694,1964,1718,1873
"Lille",1699,2008,"FRA",20,4,51,1781,1654,1946,1699,1873
"Saint-Etienne",1680,2008,"FRA",20,5,58,1752,1641,1852,1680,1873
"Rennes",1675,2008,"FRA",20,6,60,1735,1634,1824,1675,1873
"Nice",1663,2008,"FRA",20,7,63,1734,1612,1780,1663,1873
"Nancy",1662,2008,"FRA",20,8,64,1725,1587,1779,1648,1873
"LeMans",1637,2008,"FRA",20,9,72,1706,1580,1772,1633,1873
"Lorient",1626,2008,"FRA",20,10,77,1696,1578,1760,1626,1873
"Caen",1624,2008,"FRA",20,11,80,1682,1577,1757,1620,1873
"Monaco",1619,2008,"FRA",20,12,83,1678,1572,1748,1616,1873
"ParisSG",1618,2008,"FRA",20,13,84,1676,1560,1745,1608,1873
"Sochaux",1613,2008,"FRA",20,14,86,1670,1549,1740,1584,1873
"Lens",1608,2008,"FRA",20,15,89,1663,1547,1735,1579,1873
"Auxerre",1601,2008,"FRA",20,16,91,1642,1538,1732,1572,1873
"Toulouse",1600,2008,"FRA",20,17,92,1619,1530,1727,1532,1873
"Valenciennes",1590,2008,"FRA",20,18,97,1618,1519,1720,1517,1873
"Strasbourg",1524,2008,"FRA",20,19,115,1617,1462,1671,1524,1873
"Metz",1510,2008,"FRA",20,20,118,1590,1451,1621,1507,1873
"Bordeaux",1799,2009,"FRA",20,1,17,1900,1730,1998,1799,1840
"Lyon",1785,2009,"FRA",20,2,18,1826,1713,1982,1785,1840
"Marseille",1778,2009,"FRA",20,3,20,1797,1694,1979,1768,1840
"Lille",1720,2009,"FRA",20,4,39,1781,1654,1897,1720,1840
"Toulouse",1709,2009,"FRA",20,5,44,1752,1641,1829,1709,1840
"Rennes",1704,2009,"FRA",20,6,46,1735,1634,1778,1704,1840
"ParisSG",1700,2009,"FRA",20,7,48,1734,1612,1773,1700,1840
"Auxerre",1666,2009,"FRA",20,8,60,1725,1587,1743,1666,1840
"Saint-Etienne",1640,2009,"FRA",20,9,69,1706,1580,1733,1640,1840
"Lorient",1637,2009,"FRA",20,10,73,1696,1578,1729,1637,1840
"Nice",1635,2009,"FRA",20,11,74,1682,1577,1720,1631,1840
"Monaco",1625,2009,"FRA",20,12,80,1678,1572,1712,1601,1840
"Valenciennes",1623,2009,"FRA",20,13,81,1676,1560,1707,1582,1840
"Sochaux",1619,2009,"FRA",20,14,83,1670,1549,1697,1582,1840
"Nancy",1618,2009,"FRA",20,15,84,1663,1547,1696,1570,1840
"LeMans",1597,2009,"FRA",20,16,94,1642,1538,1692,1566,1840
"Caen",1595,2009,"FRA",20,17,95,1619,1530,1678,1557,1840
"Grenoble",1571,2009,"FRA",20,18,103,1618,1519,1640,1548,1840
"Nantes",1562,2009,"FRA",20,19,108,1617,1462,1628,1562,1840
"LeHavre",1510,2009,"FRA",20,20,117,1590,1451,1610,1510,1840
"Lyon",1829,2010,"FRA",20,1,11,1900,1730,2021,1829,1829
"Marseille",1821,2010,"FRA",20,2,13,1826,1713,1953,1821,1829
"Lille",1790,2010,"FRA",20,3,16,1797,1694,1872,1788,1829
"Bordeaux",1759,2010,"FRA",20,4,26,1781,1654,1851,1750,1829
"Auxerre",1752,2010,"FRA",20,5,29,1752,1641,1790,1737,1829
"Montpellier",1697,2010,"FRA",20,6,44,1735,1634,1785,1697,1829
"Rennes",1692,2010,"FRA",20,7,47,1734,1612,1783,1692,1829
"Lorient",1691,2010,"FRA",20,8,49,1725,1587,1766,1691,1829
"Valenciennes",1658,2010,"FRA",20,9,62,1706,1580,1726,1658,1829
"Monaco",1655,2010,"FRA",20,10,64,1696,1578,1701,1653,1829
"Toulouse",1652,2010,"FRA",20,11,67,1682,1577,1685,1640,1829
"ParisSG",1651,2010,"FRA",20,12,69,1678,1572,1676,1630,1829
"Lens",1634,2010,"FRA",20,13,79,1676,1560,1674,1622,1829
"Nancy",1630,2010,"FRA",20,14,82,1670,1549,1666,1621,1829
"Nice",1627,2010,"FRA",20,15,86,1663,1547,1662,1616,1829
"Saint-Etienne",1617,2010,"FRA",20,16,90,1642,1538,1659,1609,1829
"Sochaux",1574,2010,"FRA",20,17,100,1619,1530,1644,1574,1829
"LeMans",1568,2010,"FRA",20,18,102,1618,1519,1638,1564,1829
"Grenoble",1551,2010,"FRA",20,19,109,1617,1462,1627,1551,1829
"Boulogne",1529,2010,"FRA",20,20,114,1590,1451,1619,1529,1829
"Marseille",1796,2011,"FRA",20,1,14,1900,1730,2074,1794,1811
"Lille",1786,2011,"FRA",20,2,18,1826,1713,2005,1786,1811
"Lyon",1762,2011,"FRA",20,3,23,1797,1694,1834,1700,1811
"ParisSG",1700,2011,"FRA",20,4,40,1781,1654,1811,1695,1811
"Auxerre",1691,2011,"FRA",20,5,45,1752,1641,1802,1691,1811
"Bordeaux",1678,2011,"FRA",20,6,53,1735,1634,1793,1673,1811
"Sochaux",1674,2011,"FRA",20,7,57,1734,1612,1769,1655,1811
"Valenciennes",1658,2011,"FRA",20,8,67,1725,1587,1736,1651,1811
"Lorient",1649,2011,"FRA",20,9,74,1706,1580,1717,1616,1811
"Rennes",1649,2011,"FRA",20,10,73,1696,1578,1707,1614,1811
"Toulouse",1645,2011,"FRA",20,11,75,1682,1577,1690,1610,1811
"Nancy",1637,2011,"FRA",20,12,79,1678,1572,1681,1599,1811
"Monaco",1632,2011,"FRA",20,13,80,1676,1560,1680,1590,1811
"Caen",1616,2011,"FRA",20,14,84,1670,1549,1673,1573,1811
"Montpellier",1615,2011,"FRA",20,15,86,1663,1547,1673,1545,1811
"Saint-Etienne",1614,2011,"FRA",20,16,88,1642,1538,1671,1544,1811
"Nice",1598,2011,"FRA",20,17,95,1619,1530,1668,1544,1811
"Lens",1577,2011,"FRA",20,18,100,1618,1519,1638,1541,1811
"Brest",1576,2011,"FRA",20,19,101,1617,1462,1615,1510,1811
"Arles-Avignon",1455,2011,"FRA",20,20,130,1590,1451,1613,1455,1811
"Lille",1776,2012,"FRA",20,1,20,1900,1730,2092,1776,1829
"ParisSG",1756,2012,"FRA",20,2,26,1826,1713,2075,1756,1829
"Montpellier",1743,2012,"FRA",20,3,31,1797,1694,1854,1701,1829
"Lyon",1716,2012,"FRA",20,4,37,1781,1654,1829,1691,1829
"Bordeaux",1707,2012,"FRA",20,5,41,1752,1641,1798,1685,1829
"Marseille",1675,2012,"FRA",20,6,57,1735,1634,1780,1656,1829
"Rennes",1645,2012,"FRA",20,7,72,1734,1612,1756,1645,1829
"Toulouse",1631,2012,"FRA",20,8,74,1725,1587,1752,1631,1829
"Saint-Etienne",1629,2012,"FRA",20,9,75,1706,1580,1745,1612,1829
"Nancy",1608,2012,"FRA",20,10,83,1696,1578,1736,1601,1829
"EvianTG",1599,2012,"FRA",20,11,89,1682,1577,1719,1596,1829
"Valenciennes",1592,2012,"FRA",20,12,93,1678,1572,1710,1592,1829
"Nice",1589,2012,"FRA",20,13,96,1676,1560,1710,1589,1829
"Sochaux",1582,2012,"FRA",20,14,98,1670,1549,1703,1574,1829
"Auxerre",1579,2012,"FRA",20,15,99,1663,1547,1703,1567,1829
"Brest",1577,2012,"FRA",20,16,100,1642,1538,1696,1566,1829
"Lorient",1566,2012,"FRA",20,17,104,1619,1530,1674,1551,1829
"Ajaccio",1552,2012,"FRA",20,18,107,1618,1519,1661,1542,1829
"Caen",1540,2012,"FRA",20,19,111,1617,1462,1645,1488,1829
"Dijon",1513,2012,"FRA",20,20,117,1590,1451,1612,1459,1829
"ParisSG",1845,2013,"FRA",20,1,11,1900,1730,2072,1831,1846
"Lille",1722,2013,"FRA",20,2,31,1826,1713,2023,1722,1846
"Lyon",1719,2013,"FRA",20,3,32,1797,1694,1867,1719,1846
"Saint-Etienne",1703,2013,"FRA",20,4,40,1781,1654,1846,1703,1846
"Marseille",1678,2013,"FRA",20,5,48,1752,1641,1830,1678,1846
"Bordeaux",1677,2013,"FRA",20,6,51,1735,1634,1790,1677,1846
"Nice",1667,2013,"FRA",20,7,54,1734,1612,1785,1667,1846
"Montpellier",1642,2013,"FRA",20,8,77,1725,1587,1726,1627,1846
"Toulouse",1631,2013,"FRA",20,9,78,1706,1580,1712,1616,1846
"Lorient",1610,2013,"FRA",20,10,86,1696,1578,1708,1610,1846
"Valenciennes",1595,2013,"FRA",20,11,90,1682,1577,1708,1595,1846
"EvianTG",1588,2013,"FRA",20,12,93,1678,1572,1706,1588,1846
"Rennes",1574,2013,"FRA",20,13,95,1676,1560,1693,1574,1846
"Sochaux",1572,2013,"FRA",20,14,96,1670,1549,1678,1552,1846
"Nancy",1571,2013,"FRA",20,15,98,1663,1547,1677,1548,1846
"Bastia",1571,2013,"FRA",20,16,99,1642,1538,1674,1547,1846
"Reims",1566,2013,"FRA",20,17,103,1619,1530,1655,1547,1846
"Ajaccio",1559,2013,"FRA",20,18,105,1618,1519,1653,1537,1846
"Troyes",1540,2013,"FRA",20,19,113,1617,1462,1650,1525,1846
"Brest",1481,2013,"FRA",20,20,120,1590,1451,1644,1419,1846
"ParisSG",1866,2014,"FRA",20,1,12,1900,1730,2078,1866,1868
"Lille",1716,2014,"FRA",20,2,36,1826,1713,2027,1716,1868
"Monaco",1706,2014,"FRA",20,3,39,1797,1694,1978,1706,1868
"Saint-Etienne",1701,2014,"FRA",20,4,43,1781,1654,1866,1701,1868
"Lyon",1693,2014,"FRA",20,5,45,1752,1641,1860,1693,1868
"Marseille",1654,2014,"FRA",20,6,62,1735,1634,1830,1654,1868
"Bordeaux",1612,2014,"FRA",20,7,77,1734,1612,1806,1612,1868
"Lorient",1587,2014,"FRA",20,8,84,1725,1587,1786,1587,1868
"Rennes",1583,2014,"FRA",20,9,88,1706,1580,1757,1583,1868
"Toulouse",1581,2014,"FRA",20,10,89,1696,1578,1752,1581,1868
"Montpellier",1577,2014,"FRA",20,11,90,1682,1577,1743,1577,1868
"EvianTG",1572,2014,"FRA",20,12,93,1678,1572,1718,1572,1868
"Nantes",1560,2014,"FRA",20,13,97,1676,1560,1704,1560,1868
"Bastia",1549,2014,"FRA",20,14,102,1670,1549,1701,1549,1868
"Nice",1548,2014,"FRA",20,15,103,1663,1547,1691,1548,1868
"Sochaux",1545,2014,"FRA",20,16,105,1642,1538,1690,1545,1868
"Reims",1542,2014,"FRA",20,17,106,1619,1530,1685,1542,1868
"Guingamp",1535,2014,"FRA",20,18,110,1618,1519,1683,1531,1868
"Valenciennes",1484,2014,"FRA",20,19,120,1617,1462,1675,1484,1868
"Ajaccio",1462,2014,"FRA",20,20,123,1590,1451,1667,1455,1868
"ParisSG",1867,2015,"FRA",20,1,10,1900,1730,2081,1867,1867
"Monaco",1762,2015,"FRA",20,2,25,1826,1713,2063,1762,1867
"Lyon",1743,2015,"FRA",20,3,31,1797,1694,1946,1743,1867
"Saint-Etienne",1711,2015,"FRA",20,4,39,1781,1654,1918,1711,1867
"Marseille",1704,2015,"FRA",20,5,43,1752,1641,1890,1704,1867
"Lille",1648,2015,"FRA",20,6,63,1735,1634,1805,1648,1867
"Bordeaux",1647,2015,"FRA",20,7,64,1734,1612,1778,1647,1867
"Montpellier",1620,2015,"FRA",20,8,77,1725,1587,1773,1620,1867
"Caen",1580,2015,"FRA",20,9,90,1706,1580,1750,1580,1867
"Bastia",1578,2015,"FRA",20,10,92,1696,1578,1743,1578,1867
"Rennes",1577,2015,"FRA",20,11,93,1682,1577,1723,1577,1867
"Lorient",1576,2015,"FRA",20,12,95,1678,1572,1705,1576,1867
"Guingamp",1572,2015,"FRA",20,13,97,1676,1560,1685,1572,1867
"Nice",1567,2015,"FRA",20,14,98,1670,1549,1685,1567,1867
"Nantes",1547,2015,"FRA",20,15,105,1663,1547,1671,1547,1867
"Toulouse",1538,2015,"FRA",20,16,108,1642,1538,1662,1538,1867
"Reims",1537,2015,"FRA",20,17,109,1619,1530,1657,1537,1867
"EvianTG",1519,2015,"FRA",20,18,112,1618,1519,1638,1519,1867
"Metz",1462,2015,"FRA",20,19,123,1617,1462,1623,1462,1867
"Lens",1459,2015,"FRA",20,20,124,1590,1451,1549,1459,1867
"ParisSG",1900,2016,"FRA",20,1,6,1900,1730,2097,1831,1834
"Monaco",1713,2016,"FRA",20,2,39,1826,1713,2041,1713,1834
"Lyon",1694,2016,"FRA",20,3,46,1797,1694,1964,1694,1834
"Saint-Etienne",1654,2016,"FRA",20,4,58,1781,1654,1873,1654,1834
"Marseille",1641,2016,"FRA",20,5,67,1752,1641,1847,1641,1834
"Lille",1634,2016,"FRA",20,6,69,1735,1634,1834,1634,1834
"Rennes",1630,2016,"FRA",20,7,73,1734,1612,1783,1630,1834
"Nice",1624,2016,"FRA",20,8,74,1725,1587,1760,1624,1834
"Montpellier",1591,2016,"FRA",20,9,86,1706,1580,1757,1591,1834
"Nantes",1585,2016,"FRA",20,10,88,1696,1578,1732,1585,1834
"Bastia",1579,2016,"FRA",20,11,91,1682,1577,1709,1579,1834
"Caen",1579,2016,"FRA",20,12,92,1678,1572,1699,1579,1834
"Bordeaux",1572,2016,"FRA",20,13,95,1676,1560,1698,1572,1834
"Lorient",1569,2016,"FRA",20,14,97,1670,1549,1693,1569,1834
"Angers",1561,2016,"FRA",20,15,99,1663,1547,1691,1560,1834
"Guingamp",1560,2016,"FRA",20,16,101,1642,1538,1683,1557,1834
"Reims",1530,2016,"FRA",20,17,109,1619,1530,1659,1530,1834
"Toulouse",1521,2016,"FRA",20,18,111,1618,1519,1651,1521,1834
"Gazelec",1508,2016,"FRA",20,19,113,1617,1462,1644,1508,1834
"Troyes",1451,2016,"FRA",20,20,125,1590,1451,1642,1451,1834
