race,pseudoScore,repayRate,y,canPay,y_all
black,420,0.26147249689033253,-1,TRUE,1
black,425,0.27401759096881295,-1,TRUE,1
black,430,0.2869307343366315,-1,TRUE,1
black,435,0.3002007775219126,-1,TRUE,1
black,440,0.31381444673446657,-1,TRUE,1
black,445,0.3277563307244138,-1,TRUE,1
black,450,0.3420088922439928,-1,TRUE,1
black,455,0.35655250568076596,-1,TRUE,1
black,460,0.37136552196288253,-1,TRUE,1
black,465,0.38642436129724994,-1,TRUE,1
black,465,0.38642436129724994,-2,TRUE,2
black,470,0.4017036337025683,-1,TRUE,1
black,470,0.4017036337025683,-2,TRUE,2
black,475,0.4171762866583968,-1,TRUE,1
black,475,0.4171762866583968,-2,TRUE,2
black,480,0.43281377852929775,-1,TRUE,1
black,480,0.43281377852929775,-2,TRUE,2
black,485,0.4485862757628064,-1,TRUE,1
black,485,0.4485862757628064,-2,TRUE,2
black,490,0.46446287122624075,-1,TRUE,1
black,490,0.46446287122624075,-2,TRUE,2
black,490,0.46446287122624075,-3,TRUE,3
black,495,0.4804118204651979,-1,TRUE,1
black,495,0.4804118204651979,-2,TRUE,2
black,495,0.4804118204651979,-3,TRUE,3
black,500,0.49640079215998273,-1,TRUE,1
black,500,0.49640079215998273,-2,TRUE,2
black,500,0.49640079215998273,-3,TRUE,3
black,505,0.5123971286467099,-1,TRUE,1
black,505,0.5123971286467099,-2,TRUE,2
black,505,0.5123971286467099,-3,TRUE,3
black,510,0.5283681120753212,-1,TRUE,1
black,510,0.5283681120753212,-2,TRUE,2
black,510,0.5283681120753212,-3,TRUE,3
black,515,0.5442812316103117,-1,TRUE,1
black,515,0.5442812316103117,-2,TRUE,2
black,515,0.5442812316103117,-3,TRUE,3
black,520,0.5601044470490575,-1,TRUE,1
black,520,0.5601044470490575,-2,TRUE,2
black,520,0.5601044470490575,-3,TRUE,3
black,525,0.5758064443386574,-1,TRUE,1
black,525,0.5758064443386574,-2,TRUE,2
black,525,0.5758064443386574,-3,TRUE,3
black,530,0.5913568787103964,-1,TRUE,1
black,530,0.5913568787103964,-2,TRUE,2
black,530,0.5913568787103964,-3,TRUE,3
black,530,0.5913568787103964,-4,TRUE,4
black,535,0.6067266015106364,-1,TRUE,1
black,535,0.6067266015106364,-2,TRUE,2
black,535,0.6067266015106364,-3,TRUE,3
black,535,0.6067266015106364,-4,TRUE,4
black,540,0.6218878672723317,-1,TRUE,1
black,540,0.6218878672723317,-2,TRUE,2
black,540,0.6218878672723317,-3,TRUE,3
black,540,0.6218878672723317,-4,TRUE,4
black,545,0.6368145181223853,-1,TRUE,1
black,545,0.6368145181223853,-2,TRUE,2
black,545,0.6368145181223853,-3,TRUE,3
black,550,0.6514821432336658,-1,TRUE,1
black,550,0.6514821432336658,-2,TRUE,2
black,550,0.6514821432336658,-3,TRUE,3
black,555,0.6658682116819539,-1,TRUE,1
black,555,0.6658682116819539,-2,TRUE,2
black,555,0.6658682116819539,-3,TRUE,3
black,555,0.6658682116819539,-4,TRUE,4
black,560,0.6799521777323727,-1,TRUE,1
black,560,0.6799521777323727,-2,TRUE,2
black,560,0.6799521777323727,-3,TRUE,3
black,560,0.6799521777323727,-4,TRUE,4
black,565,0.6937155582329735,-1,TRUE,1
black,565,0.6937155582329735,-2,TRUE,2
black,565,0.6937155582329735,-3,TRUE,3
black,565,0.6937155582329735,-4,TRUE,4
black,570,0.7071419824132282,-1,TRUE,1
black,570,0.7071419824132282,-2,TRUE,2
black,570,0.7071419824132282,-3,TRUE,3
black,570,0.7071419824132282,-4,TRUE,4
black,575,0.7202172149534593,-1,TRUE,1
black,575,0.7202172149534593,-2,TRUE,2
black,575,0.7202172149534593,-3,TRUE,3
black,575,0.7202172149534593,-4,TRUE,4
black,580,0.7329291536926648,-1,TRUE,1
black,580,0.7329291536926648,-2,TRUE,2
black,580,0.7329291536926648,-3,TRUE,3
black,580,0.7329291536926648,-4,TRUE,4
black,585,0.7452678037658776,-1,TRUE,1
black,585,0.7452678037658776,-2,TRUE,2
black,585,0.7452678037658776,-3,TRUE,3
black,585,0.7452678037658776,-4,TRUE,4
black,590,0.7572252303013973,-1,TRUE,1
black,590,0.7572252303013973,-2,TRUE,2
black,590,0.7572252303013973,-3,TRUE,3
black,590,0.7572252303013973,-4,TRUE,4
black,590,0.7572252303013973,-5,TRUE,5
black,595,0.7687954920603668,-1,TRUE,1
black,595,0.7687954920603668,-2,TRUE,2
black,595,0.7687954920603668,-3,TRUE,3
black,595,0.7687954920603668,-4,TRUE,4
black,595,0.7687954920603668,-5,TRUE,5
black,600,0.7799745585672777,-1,TRUE,1
black,600,0.7799745585672777,-2,TRUE,2
black,600,0.7799745585672777,-3,TRUE,3
black,600,0.7799745585672777,-4,TRUE,4
black,600,0.7799745585672777,-5,TRUE,5
black,605,0.7907602133644137,-1,TRUE,1
black,605,0.7907602133644137,-2,TRUE,2
black,605,0.7907602133644137,-3,TRUE,3
black,605,0.7907602133644137,-4,TRUE,4
black,610,0.8011519460327962,-1,TRUE,1
black,610,0.8011519460327962,-2,TRUE,2
black,610,0.8011519460327962,-3,TRUE,3
black,610,0.8011519460327962,-4,TRUE,4
black,615,0.811150835565728,-1,TRUE,1
black,615,0.811150835565728,-2,TRUE,2
black,615,0.811150835565728,-3,TRUE,3
black,620,0.8207594275685549,-1,TRUE,1
black,620,0.8207594275685549,-2,TRUE,2
black,620,0.8207594275685549,-3,TRUE,3
black,625,0.8299816076004457,-1,TRUE,1
black,625,0.8299816076004457,-2,TRUE,2
black,625,0.8299816076004457,-3,TRUE,3
black,630,0.8388224727816104,-1,TRUE,1
black,630,0.8388224727816104,-2,TRUE,2
black,630,0.8388224727816104,-3,TRUE,3
black,635,0.8472882035727565,-1,TRUE,1
black,635,0.8472882035727565,-2,TRUE,2
black,635,0.8472882035727565,-3,TRUE,3
black,640,0.8553859374023411,-1,TRUE,1
black,640,0.8553859374023411,-2,TRUE,2
black,640,0.8553859374023411,-3,TRUE,3
black,645,0.863123645579875,-1,TRUE,1
black,645,0.863123645579875,-2,TRUE,2
black,645,0.863123645579875,-3,TRUE,3
black,650,0.8705100146975823,-1,TRUE,1
black,650,0.8705100146975823,-2,TRUE,2
black,650,0.8705100146975823,-3,TRUE,3
black,655,0.8775543334942131,-1,TRUE,1
black,655,0.8775543334942131,-2,TRUE,2
black,655,0.8775543334942131,-3,TRUE,3
black,655,0.8775543334942131,-4,TRUE,4
black,660,0.8842663859386121,-1,TRUE,1
black,660,0.8842663859386121,-2,TRUE,2
black,660,0.8842663859386121,-3,TRUE,3
black,660,0.8842663859386121,-4,TRUE,4
black,665,0.8906563510903843,-1,TRUE,1
black,665,0.8906563510903843,-2,TRUE,2
black,665,0.8906563510903843,-3,TRUE,3
black,665,0.8906563510903843,-4,TRUE,4
black,670,0.8967347101131449,-1,TRUE,1
black,670,0.8967347101131449,-2,TRUE,2
black,670,0.8967347101131449,-3,TRUE,3
black,670,0.8967347101131449,-4,TRUE,4
black,675,0.9025121606539273,-1,TRUE,1
black,675,0.9025121606539273,-2,TRUE,2
black,675,0.9025121606539273,-3,TRUE,3
black,675,0.9025121606539273,-4,TRUE,4
black,680,0.9079995386609249,-1,TRUE,1
black,680,0.9079995386609249,-2,TRUE,2
black,680,0.9079995386609249,-3,TRUE,3
black,685,0.9132077475908188,-1,TRUE,1
black,685,0.9132077475908188,-2,TRUE,2
black,685,0.9132077475908188,-3,TRUE,3
black,690,0.9181476948558157,-1,TRUE,1
black,690,0.9181476948558157,-2,TRUE,2
black,690,0.9181476948558157,-3,TRUE,3
black,695,0.9228302352780872,-1,TRUE,1
black,695,0.9228302352780872,-2,TRUE,2
black,695,0.9228302352780872,-3,TRUE,3
black,700,0.9272661212541891,-1,TRUE,1
black,700,0.9272661212541891,-2,TRUE,2
black,700,0.9272661212541891,-3,TRUE,3
black,705,0.931465959282629,-1,TRUE,1
black,705,0.931465959282629,-2,TRUE,2
black,705,0.931465959282629,-3,TRUE,3
black,710,0.9354401724723231,-1,TRUE,1
black,710,0.9354401724723231,-2,TRUE,2
black,710,0.9354401724723231,-3,TRUE,3
black,715,0.9391989686265279,-1,TRUE,1
black,715,0.9391989686265279,-2,TRUE,2
black,715,0.9391989686265279,-3,TRUE,3
black,720,0.9427523134842034,-1,TRUE,1
black,720,0.9427523134842034,-2,TRUE,2
black,720,0.9427523134842034,-3,TRUE,3
black,725,0.9461099086970403,-1,TRUE,1
black,725,0.9461099086970403,-2,TRUE,2
black,725,0.9461099086970403,-3,TRUE,3
black,730,0.9492811741240091,-1,TRUE,1
black,730,0.9492811741240091,-2,TRUE,2
black,730,0.9492811741240091,-3,TRUE,3
black,735,0.9522752340348901,-1,TRUE,1
black,735,0.9522752340348901,-2,TRUE,2
black,740,0.9551009068284978,-1,TRUE,1
black,740,0.9551009068284978,-2,TRUE,2
black,745,0.9577666978891559,-1,TRUE,1
black,745,0.9577666978891559,-2,TRUE,2
black,750,0.9602807952253782,-1,TRUE,1
black,750,0.9602807952253782,-2,TRUE,2
black,755,0.9626510675568597,-1,TRUE,1
black,755,0.9626510675568597,-2,TRUE,2
black,760,0.9648850645390551,-1,TRUE,1
black,760,0.9648850645390551,-2,TRUE,2
black,765,0.9669900188382238,-1,TRUE,1
black,765,0.9669900188382238,-2,TRUE,2
black,770,0.9689728497933892,-1,TRUE,1
black,770,0.9689728497933892,-2,TRUE,2
white,405,0.2261260322186309,1,TRUE,1
white,420,0.26147249689033253,1,TRUE,2
white,425,0.27401759096881295,1,TRUE,2
white,430,0.2869307343366315,1,TRUE,2
white,435,0.3002007775219126,1,TRUE,2
white,440,0.31381444673446657,1,TRUE,2
white,445,0.3277563307244138,1,TRUE,2
white,450,0.3420088922439928,1,TRUE,2
white,455,0.35655250568076596,1,TRUE,2
white,460,0.37136552196288253,1,TRUE,2
white,465,0.38642436129724994,1,TRUE,3
white,465,0.38642436129724994,2,TRUE,4
white,470,0.4017036337025683,1,TRUE,3
white,470,0.4017036337025683,2,TRUE,4
white,475,0.4171762866583968,1,TRUE,3
white,475,0.4171762866583968,2,TRUE,4
white,475,0.4171762866583968,3,TRUE,5
white,480,0.43281377852929775,1,TRUE,3
white,480,0.43281377852929775,2,TRUE,4
white,480,0.43281377852929775,3,TRUE,5
white,485,0.4485862757628064,1,TRUE,3
white,485,0.4485862757628064,2,TRUE,4
white,485,0.4485862757628064,3,TRUE,5
white,490,0.46446287122624075,1,TRUE,4
white,490,0.46446287122624075,2,TRUE,5
white,490,0.46446287122624075,3,TRUE,6
white,490,0.46446287122624075,4,TRUE,7
white,495,0.4804118204651979,1,TRUE,4
white,495,0.4804118204651979,2,TRUE,5
white,495,0.4804118204651979,3,TRUE,6
white,495,0.4804118204651979,4,TRUE,7
white,500,0.49640079215998273,1,TRUE,4
white,500,0.49640079215998273,2,TRUE,5
white,500,0.49640079215998273,3,TRUE,6
white,500,0.49640079215998273,4,TRUE,7
white,505,0.5123971286467099,1,TRUE,4
white,505,0.5123971286467099,2,TRUE,5
white,505,0.5123971286467099,3,TRUE,6
white,505,0.5123971286467099,4,TRUE,7
white,505,0.5123971286467099,5,TRUE,8
white,510,0.5283681120753212,1,TRUE,4
white,510,0.5283681120753212,2,TRUE,5
white,510,0.5283681120753212,3,TRUE,6
white,510,0.5283681120753212,4,TRUE,7
white,510,0.5283681120753212,5,TRUE,8
white,515,0.5442812316103117,1,TRUE,4
white,515,0.5442812316103117,2,TRUE,5
white,515,0.5442812316103117,3,TRUE,6
white,515,0.5442812316103117,4,TRUE,7
white,515,0.5442812316103117,5,TRUE,8
white,520,0.5601044470490575,1,TRUE,4
white,520,0.5601044470490575,2,TRUE,5
white,520,0.5601044470490575,3,TRUE,6
white,520,0.5601044470490575,4,TRUE,7
white,520,0.5601044470490575,5,TRUE,8
white,520,0.5601044470490575,6,TRUE,9
white,525,0.5758064443386574,1,TRUE,4
white,525,0.5758064443386574,2,TRUE,5
white,525,0.5758064443386574,3,TRUE,6
white,525,0.5758064443386574,4,TRUE,7
white,525,0.5758064443386574,5,TRUE,8
white,525,0.5758064443386574,6,TRUE,9
white,530,0.5913568787103964,1,TRUE,5
white,530,0.5913568787103964,2,TRUE,6
white,530,0.5913568787103964,3,TRUE,7
white,530,0.5913568787103964,4,TRUE,8
white,530,0.5913568787103964,5,TRUE,9
white,530,0.5913568787103964,6,TRUE,10
white,535,0.6067266015106364,1,TRUE,5
white,535,0.6067266015106364,2,TRUE,6
white,535,0.6067266015106364,3,TRUE,7
white,535,0.6067266015106364,4,TRUE,8
white,535,0.6067266015106364,5,TRUE,9
white,535,0.6067266015106364,6,TRUE,10
white,540,0.6218878672723317,1,TRUE,5
white,540,0.6218878672723317,2,TRUE,6
white,540,0.6218878672723317,3,TRUE,7
white,540,0.6218878672723317,4,TRUE,8
white,540,0.6218878672723317,5,TRUE,9
white,540,0.6218878672723317,6,TRUE,10
white,545,0.6368145181223853,1,TRUE,4
white,545,0.6368145181223853,2,TRUE,5
white,545,0.6368145181223853,3,TRUE,6
white,545,0.6368145181223853,4,TRUE,7
white,545,0.6368145181223853,5,TRUE,8
white,545,0.6368145181223853,6,TRUE,9
white,545,0.6368145181223853,7,TRUE,10
white,550,0.6514821432336658,1,TRUE,4
white,550,0.6514821432336658,2,TRUE,5
white,550,0.6514821432336658,3,TRUE,6
white,550,0.6514821432336658,4,TRUE,7
white,550,0.6514821432336658,5,TRUE,8
white,550,0.6514821432336658,6,TRUE,9
white,550,0.6514821432336658,7,TRUE,10
white,555,0.6658682116819539,1,TRUE,5
white,555,0.6658682116819539,2,TRUE,6
white,555,0.6658682116819539,3,TRUE,7
white,555,0.6658682116819539,4,TRUE,8
white,555,0.6658682116819539,5,TRUE,9
white,555,0.6658682116819539,6,TRUE,10
white,555,0.6658682116819539,7,TRUE,11
white,555,0.6658682116819539,8,TRUE,12
white,560,0.6799521777323727,1,TRUE,5
white,560,0.6799521777323727,2,TRUE,6
white,560,0.6799521777323727,3,TRUE,7
white,560,0.6799521777323727,4,TRUE,8
white,560,0.6799521777323727,5,TRUE,9
white,560,0.6799521777323727,6,TRUE,10
white,560,0.6799521777323727,7,TRUE,11
white,560,0.6799521777323727,8,TRUE,12
white,565,0.6937155582329735,1,TRUE,5
white,565,0.6937155582329735,2,TRUE,6
white,565,0.6937155582329735,3,TRUE,7
white,565,0.6937155582329735,4,TRUE,8
white,565,0.6937155582329735,5,TRUE,9
white,565,0.6937155582329735,6,TRUE,10
white,565,0.6937155582329735,7,TRUE,11
white,565,0.6937155582329735,8,TRUE,12
white,570,0.7071419824132282,1,TRUE,5
white,570,0.7071419824132282,2,TRUE,6
white,570,0.7071419824132282,3,TRUE,7
white,570,0.7071419824132282,4,TRUE,8
white,570,0.7071419824132282,5,TRUE,9
white,570,0.7071419824132282,6,TRUE,10
white,570,0.7071419824132282,7,TRUE,11
white,570,0.7071419824132282,8,TRUE,12
white,575,0.7202172149534593,1,TRUE,5
white,575,0.7202172149534593,2,TRUE,6
white,575,0.7202172149534593,3,TRUE,7
white,575,0.7202172149534593,4,TRUE,8
white,575,0.7202172149534593,5,TRUE,9
white,575,0.7202172149534593,6,TRUE,10
white,575,0.7202172149534593,7,TRUE,11
white,575,0.7202172149534593,8,TRUE,12
white,575,0.7202172149534593,9,TRUE,13
white,580,0.7329291536926648,1,TRUE,5
white,580,0.7329291536926648,2,TRUE,6
white,580,0.7329291536926648,3,TRUE,7
white,580,0.7329291536926648,4,TRUE,8
white,580,0.7329291536926648,5,TRUE,9
white,580,0.7329291536926648,6,TRUE,10
white,580,0.7329291536926648,7,TRUE,11
white,580,0.7329291536926648,8,TRUE,12
white,580,0.7329291536926648,9,TRUE,13
white,585,0.7452678037658776,1,TRUE,5
white,585,0.7452678037658776,2,TRUE,6
white,585,0.7452678037658776,3,TRUE,7
white,585,0.7452678037658776,4,TRUE,8
white,585,0.7452678037658776,5,TRUE,9
white,585,0.7452678037658776,6,TRUE,10
white,585,0.7452678037658776,7,TRUE,11
white,585,0.7452678037658776,8,TRUE,12
white,585,0.7452678037658776,9,TRUE,13
white,590,0.7572252303013973,1,TRUE,6
white,590,0.7572252303013973,2,TRUE,7
white,590,0.7572252303013973,3,TRUE,8
white,590,0.7572252303013973,4,TRUE,9
white,590,0.7572252303013973,5,TRUE,10
white,590,0.7572252303013973,6,TRUE,11
white,590,0.7572252303013973,7,TRUE,12
white,590,0.7572252303013973,8,TRUE,13
white,590,0.7572252303013973,9,TRUE,14
white,590,0.7572252303013973,10,TRUE,15
white,595,0.7687954920603668,1,TRUE,6
white,595,0.7687954920603668,2,TRUE,7
white,595,0.7687954920603668,3,TRUE,8
white,595,0.7687954920603668,4,TRUE,9
white,595,0.7687954920603668,5,TRUE,10
white,595,0.7687954920603668,6,TRUE,11
white,595,0.7687954920603668,7,TRUE,12
white,595,0.7687954920603668,8,TRUE,13
white,595,0.7687954920603668,9,TRUE,14
white,595,0.7687954920603668,10,TRUE,15
white,600,0.7799745585672777,1,TRUE,6
white,600,0.7799745585672777,2,TRUE,7
white,600,0.7799745585672777,3,TRUE,8
white,600,0.7799745585672777,4,TRUE,9
white,600,0.7799745585672777,5,TRUE,10
white,600,0.7799745585672777,6,TRUE,11
white,600,0.7799745585672777,7,TRUE,12
white,600,0.7799745585672777,8,TRUE,13
white,600,0.7799745585672777,9,TRUE,14
white,600,0.7799745585672777,10,TRUE,15
white,600,0.7799745585672777,11,TRUE,16
white,605,0.7907602133644137,1,TRUE,5
white,605,0.7907602133644137,2,TRUE,6
white,605,0.7907602133644137,3,TRUE,7
white,605,0.7907602133644137,4,TRUE,8
white,605,0.7907602133644137,5,TRUE,9
white,605,0.7907602133644137,6,TRUE,10
white,605,0.7907602133644137,7,TRUE,11
white,605,0.7907602133644137,8,TRUE,12
white,605,0.7907602133644137,9,TRUE,13
white,605,0.7907602133644137,10,TRUE,14
white,610,0.8011519460327962,1,TRUE,5
white,610,0.8011519460327962,2,TRUE,6
white,610,0.8011519460327962,3,TRUE,7
white,610,0.8011519460327962,4,TRUE,8
white,610,0.8011519460327962,5,TRUE,9
white,610,0.8011519460327962,6,TRUE,10
white,610,0.8011519460327962,7,TRUE,11
white,610,0.8011519460327962,8,TRUE,12
white,610,0.8011519460327962,9,TRUE,13
white,610,0.8011519460327962,10,TRUE,14
white,610,0.8011519460327962,11,TRUE,15
white,615,0.811150835565728,1,TRUE,4
white,615,0.811150835565728,2,TRUE,5
white,615,0.811150835565728,3,TRUE,6
white,615,0.811150835565728,4,TRUE,7
white,615,0.811150835565728,5,TRUE,8
white,615,0.811150835565728,6,TRUE,9
white,615,0.811150835565728,7,TRUE,10
white,615,0.811150835565728,8,TRUE,11
white,615,0.811150835565728,9,TRUE,12
white,615,0.811150835565728,10,TRUE,13
white,615,0.811150835565728,11,TRUE,14
white,620,0.8207594275685549,1,TRUE,4
white,620,0.8207594275685549,2,TRUE,5
white,620,0.8207594275685549,3,TRUE,6
white,620,0.8207594275685549,4,TRUE,7
white,620,0.8207594275685549,5,TRUE,8
white,620,0.8207594275685549,6,TRUE,9
white,620,0.8207594275685549,7,TRUE,10
white,620,0.8207594275685549,8,TRUE,11
white,620,0.8207594275685549,9,TRUE,12
white,620,0.8207594275685549,10,TRUE,13
white,620,0.8207594275685549,11,TRUE,14
white,620,0.8207594275685549,12,TRUE,15
white,625,0.8299816076004457,1,TRUE,4
white,625,0.8299816076004457,2,TRUE,5
white,625,0.8299816076004457,3,TRUE,6
white,625,0.8299816076004457,4,TRUE,7
white,625,0.8299816076004457,5,TRUE,8
white,625,0.8299816076004457,6,TRUE,9
white,625,0.8299816076004457,7,TRUE,10
white,625,0.8299816076004457,8,TRUE,11
white,625,0.8299816076004457,9,TRUE,12
white,625,0.8299816076004457,10,TRUE,13
white,625,0.8299816076004457,11,TRUE,14
white,625,0.8299816076004457,12,TRUE,15
white,630,0.8388224727816104,1,TRUE,4
white,630,0.8388224727816104,2,TRUE,5
white,630,0.8388224727816104,3,TRUE,6
white,630,0.8388224727816104,4,TRUE,7
white,630,0.8388224727816104,5,TRUE,8
white,630,0.8388224727816104,6,TRUE,9
white,630,0.8388224727816104,7,TRUE,10
white,630,0.8388224727816104,8,TRUE,11
white,630,0.8388224727816104,9,TRUE,12
white,630,0.8388224727816104,10,TRUE,13
white,630,0.8388224727816104,11,TRUE,14
white,630,0.8388224727816104,12,TRUE,15
white,630,0.8388224727816104,13,TRUE,16
white,635,0.8472882035727565,1,TRUE,4
white,635,0.8472882035727565,2,TRUE,5
white,635,0.8472882035727565,3,TRUE,6
white,635,0.8472882035727565,4,TRUE,7
white,635,0.8472882035727565,5,TRUE,8
white,635,0.8472882035727565,6,TRUE,9
white,635,0.8472882035727565,7,TRUE,10
white,635,0.8472882035727565,8,TRUE,11
white,635,0.8472882035727565,9,TRUE,12
white,635,0.8472882035727565,10,TRUE,13
white,635,0.8472882035727565,11,TRUE,14
white,635,0.8472882035727565,12,TRUE,15
white,635,0.8472882035727565,13,TRUE,16
white,635,0.8472882035727565,14,TRUE,17
white,640,0.8553859374023411,1,TRUE,4
white,640,0.8553859374023411,2,TRUE,5
white,640,0.8553859374023411,3,TRUE,6
white,640,0.8553859374023411,4,TRUE,7
white,640,0.8553859374023411,5,TRUE,8
white,640,0.8553859374023411,6,TRUE,9
white,640,0.8553859374023411,7,TRUE,10
white,640,0.8553859374023411,8,TRUE,11
white,640,0.8553859374023411,9,TRUE,12
white,640,0.8553859374023411,10,TRUE,13
white,640,0.8553859374023411,11,TRUE,14
white,640,0.8553859374023411,12,TRUE,15
white,640,0.8553859374023411,13,TRUE,16
white,640,0.8553859374023411,14,TRUE,17
white,640,0.8553859374023411,15,TRUE,18
white,645,0.863123645579875,1,TRUE,4
white,645,0.863123645579875,2,TRUE,5
white,645,0.863123645579875,3,TRUE,6
white,645,0.863123645579875,4,TRUE,7
white,645,0.863123645579875,5,TRUE,8
white,645,0.863123645579875,6,TRUE,9
white,645,0.863123645579875,7,TRUE,10
white,645,0.863123645579875,8,TRUE,11
white,645,0.863123645579875,9,TRUE,12
white,645,0.863123645579875,10,TRUE,13
white,645,0.863123645579875,11,TRUE,14
white,645,0.863123645579875,12,TRUE,15
white,645,0.863123645579875,13,TRUE,16
white,645,0.863123645579875,14,TRUE,17
white,645,0.863123645579875,15,TRUE,18
white,645,0.863123645579875,16,TRUE,19
white,650,0.8705100146975823,1,TRUE,4
white,650,0.8705100146975823,2,TRUE,5
white,650,0.8705100146975823,3,TRUE,6
white,650,0.8705100146975823,4,TRUE,7
white,650,0.8705100146975823,5,TRUE,8
white,650,0.8705100146975823,6,TRUE,9
white,650,0.8705100146975823,7,TRUE,10
white,650,0.8705100146975823,8,TRUE,11
white,650,0.8705100146975823,9,TRUE,12
white,650,0.8705100146975823,10,TRUE,13
white,650,0.8705100146975823,11,TRUE,14
white,650,0.8705100146975823,12,TRUE,15
white,650,0.8705100146975823,13,TRUE,16
white,650,0.8705100146975823,14,TRUE,17
white,650,0.8705100146975823,15,TRUE,18
white,650,0.8705100146975823,16,TRUE,19
white,655,0.8775543334942131,1,TRUE,5
white,655,0.8775543334942131,2,TRUE,6
white,655,0.8775543334942131,3,TRUE,7
white,655,0.8775543334942131,4,TRUE,8
white,655,0.8775543334942131,5,TRUE,9
white,655,0.8775543334942131,6,TRUE,10
white,655,0.8775543334942131,7,TRUE,11
white,655,0.8775543334942131,8,TRUE,12
white,655,0.8775543334942131,9,TRUE,13
white,655,0.8775543334942131,10,TRUE,14
white,655,0.8775543334942131,11,TRUE,15
white,655,0.8775543334942131,12,TRUE,16
white,655,0.8775543334942131,13,TRUE,17
white,655,0.8775543334942131,14,TRUE,18
white,655,0.8775543334942131,15,TRUE,19
white,655,0.8775543334942131,16,TRUE,20
white,660,0.8842663859386121,1,TRUE,5
white,660,0.8842663859386121,2,TRUE,6
white,660,0.8842663859386121,3,TRUE,7
white,660,0.8842663859386121,4,TRUE,8
white,660,0.8842663859386121,5,TRUE,9
white,660,0.8842663859386121,6,TRUE,10
white,660,0.8842663859386121,7,TRUE,11
white,660,0.8842663859386121,8,TRUE,12
white,660,0.8842663859386121,9,TRUE,13
white,660,0.8842663859386121,10,TRUE,14
white,660,0.8842663859386121,11,TRUE,15
white,660,0.8842663859386121,12,TRUE,16
white,660,0.8842663859386121,13,TRUE,17
white,660,0.8842663859386121,14,TRUE,18
white,660,0.8842663859386121,15,TRUE,19
white,660,0.8842663859386121,16,TRUE,20
white,660,0.8842663859386121,17,TRUE,21
white,665,0.8906563510903843,1,TRUE,5
white,665,0.8906563510903843,2,TRUE,6
white,665,0.8906563510903843,3,TRUE,7
white,665,0.8906563510903843,4,TRUE,8
white,665,0.8906563510903843,5,TRUE,9
white,665,0.8906563510903843,6,TRUE,10
white,665,0.8906563510903843,7,TRUE,11
white,665,0.8906563510903843,8,TRUE,12
white,665,0.8906563510903843,9,TRUE,13
white,665,0.8906563510903843,10,TRUE,14
white,665,0.8906563510903843,11,TRUE,15
white,665,0.8906563510903843,12,TRUE,16
white,665,0.8906563510903843,13,TRUE,17
white,665,0.8906563510903843,14,TRUE,18
white,665,0.8906563510903843,15,TRUE,19
white,665,0.8906563510903843,16,TRUE,20
white,665,0.8906563510903843,17,TRUE,21
white,670,0.8967347101131449,1,TRUE,5
white,670,0.8967347101131449,2,TRUE,6
white,670,0.8967347101131449,3,TRUE,7
white,670,0.8967347101131449,4,TRUE,8
white,670,0.8967347101131449,5,TRUE,9
white,670,0.8967347101131449,6,TRUE,10
white,670,0.8967347101131449,7,TRUE,11
white,670,0.8967347101131449,8,TRUE,12
white,670,0.8967347101131449,9,TRUE,13
white,670,0.8967347101131449,10,TRUE,14
white,670,0.8967347101131449,11,TRUE,15
white,670,0.8967347101131449,12,TRUE,16
white,670,0.8967347101131449,13,TRUE,17
white,670,0.8967347101131449,14,TRUE,18
white,670,0.8967347101131449,15,TRUE,19
white,670,0.8967347101131449,16,TRUE,20
white,670,0.8967347101131449,17,TRUE,21
white,675,0.9025121606539273,1,TRUE,5
white,675,0.9025121606539273,2,TRUE,6
white,675,0.9025121606539273,3,TRUE,7
white,675,0.9025121606539273,4,TRUE,8
white,675,0.9025121606539273,5,TRUE,9
white,675,0.9025121606539273,6,TRUE,10
white,675,0.9025121606539273,7,TRUE,11
white,675,0.9025121606539273,8,TRUE,12
white,675,0.9025121606539273,9,TRUE,13
white,675,0.9025121606539273,10,TRUE,14
white,675,0.9025121606539273,11,TRUE,15
white,675,0.9025121606539273,12,TRUE,16
white,675,0.9025121606539273,13,TRUE,17
white,675,0.9025121606539273,14,TRUE,18
white,675,0.9025121606539273,15,TRUE,19
white,675,0.9025121606539273,16,TRUE,20
white,675,0.9025121606539273,17,TRUE,21
white,675,0.9025121606539273,18,TRUE,22
white,680,0.9079995386609249,1,TRUE,4
white,680,0.9079995386609249,2,TRUE,5
white,680,0.9079995386609249,3,TRUE,6
white,680,0.9079995386609249,4,TRUE,7
white,680,0.9079995386609249,5,TRUE,8
white,680,0.9079995386609249,6,TRUE,9
white,680,0.9079995386609249,7,TRUE,10
white,680,0.9079995386609249,8,TRUE,11
white,680,0.9079995386609249,9,TRUE,12
white,680,0.9079995386609249,10,TRUE,13
white,680,0.9079995386609249,11,TRUE,14
white,680,0.9079995386609249,12,TRUE,15
white,680,0.9079995386609249,13,TRUE,16
white,680,0.9079995386609249,14,TRUE,17
white,680,0.9079995386609249,15,TRUE,18
white,680,0.9079995386609249,16,TRUE,19
white,680,0.9079995386609249,17,TRUE,20
white,680,0.9079995386609249,18,TRUE,21
white,680,0.9079995386609249,19,TRUE,22
white,685,0.9132077475908188,1,TRUE,4
white,685,0.9132077475908188,2,TRUE,5
white,685,0.9132077475908188,3,TRUE,6
white,685,0.9132077475908188,4,TRUE,7
white,685,0.9132077475908188,5,TRUE,8
white,685,0.9132077475908188,6,TRUE,9
white,685,0.9132077475908188,7,TRUE,10
white,685,0.9132077475908188,8,TRUE,11
white,685,0.9132077475908188,9,TRUE,12
white,685,0.9132077475908188,10,TRUE,13
white,685,0.9132077475908188,11,TRUE,14
white,685,0.9132077475908188,12,TRUE,15
white,685,0.9132077475908188,13,TRUE,16
white,685,0.9132077475908188,14,TRUE,17
white,685,0.9132077475908188,15,TRUE,18
white,685,0.9132077475908188,16,TRUE,19
white,685,0.9132077475908188,17,TRUE,20
white,685,0.9132077475908188,18,TRUE,21
white,685,0.9132077475908188,19,TRUE,22
white,685,0.9132077475908188,20,TRUE,23
white,690,0.9181476948558157,1,TRUE,4
white,690,0.9181476948558157,2,TRUE,5
white,690,0.9181476948558157,3,TRUE,6
white,690,0.9181476948558157,4,TRUE,7
white,690,0.9181476948558157,5,TRUE,8
white,690,0.9181476948558157,6,TRUE,9
white,690,0.9181476948558157,7,TRUE,10
white,690,0.9181476948558157,8,TRUE,11
white,690,0.9181476948558157,9,TRUE,12
white,690,0.9181476948558157,10,TRUE,13
white,690,0.9181476948558157,11,TRUE,14
white,690,0.9181476948558157,12,TRUE,15
white,690,0.9181476948558157,13,TRUE,16
white,690,0.9181476948558157,14,TRUE,17
white,690,0.9181476948558157,15,TRUE,18
white,690,0.9181476948558157,16,TRUE,19
white,690,0.9181476948558157,17,TRUE,20
white,690,0.9181476948558157,18,TRUE,21
white,690,0.9181476948558157,19,TRUE,22
white,690,0.9181476948558157,20,TRUE,23
white,695,0.9228302352780872,1,TRUE,4
white,695,0.9228302352780872,2,TRUE,5
white,695,0.9228302352780872,3,TRUE,6
white,695,0.9228302352780872,4,TRUE,7
white,695,0.9228302352780872,5,TRUE,8
white,695,0.9228302352780872,6,TRUE,9
white,695,0.9228302352780872,7,TRUE,10
white,695,0.9228302352780872,8,TRUE,11
white,695,0.9228302352780872,9,TRUE,12
white,695,0.9228302352780872,10,TRUE,13
white,695,0.9228302352780872,11,TRUE,14
white,695,0.9228302352780872,12,TRUE,15
white,695,0.9228302352780872,13,TRUE,16
white,695,0.9228302352780872,14,TRUE,17
white,695,0.9228302352780872,15,TRUE,18
white,695,0.9228302352780872,16,TRUE,19
white,695,0.9228302352780872,17,TRUE,20
white,695,0.9228302352780872,18,TRUE,21
white,695,0.9228302352780872,19,TRUE,22
white,695,0.9228302352780872,20,TRUE,23
white,700,0.9272661212541891,1,TRUE,4
white,700,0.9272661212541891,2,TRUE,5
white,700,0.9272661212541891,3,TRUE,6
white,700,0.9272661212541891,4,TRUE,7
white,700,0.9272661212541891,5,TRUE,8
white,700,0.9272661212541891,6,TRUE,9
white,700,0.9272661212541891,7,TRUE,10
white,700,0.9272661212541891,8,TRUE,11
white,700,0.9272661212541891,9,TRUE,12
white,700,0.9272661212541891,10,TRUE,13
white,700,0.9272661212541891,11,TRUE,14
white,700,0.9272661212541891,12,TRUE,15
white,700,0.9272661212541891,13,TRUE,16
white,700,0.9272661212541891,14,TRUE,17
white,700,0.9272661212541891,15,TRUE,18
white,700,0.9272661212541891,16,TRUE,19
white,700,0.9272661212541891,17,TRUE,20
white,700,0.9272661212541891,18,TRUE,21
white,700,0.9272661212541891,19,TRUE,22
white,700,0.9272661212541891,20,TRUE,23
white,700,0.9272661212541891,21,TRUE,24
white,705,0.931465959282629,1,TRUE,4
white,705,0.931465959282629,2,TRUE,5
white,705,0.931465959282629,3,TRUE,6
white,705,0.931465959282629,4,TRUE,7
white,705,0.931465959282629,5,TRUE,8
white,705,0.931465959282629,6,TRUE,9
white,705,0.931465959282629,7,TRUE,10
white,705,0.931465959282629,8,TRUE,11
white,705,0.931465959282629,9,TRUE,12
white,705,0.931465959282629,10,TRUE,13
white,705,0.931465959282629,11,TRUE,14
white,705,0.931465959282629,12,TRUE,15
white,705,0.931465959282629,13,TRUE,16
white,705,0.931465959282629,14,TRUE,17
white,705,0.931465959282629,15,TRUE,18
white,705,0.931465959282629,16,TRUE,19
white,705,0.931465959282629,17,TRUE,20
white,705,0.931465959282629,18,TRUE,21
white,705,0.931465959282629,19,TRUE,22
white,705,0.931465959282629,20,TRUE,23
white,705,0.931465959282629,21,TRUE,24
white,705,0.931465959282629,22,TRUE,25
white,710,0.9354401724723231,1,TRUE,4
white,710,0.9354401724723231,2,TRUE,5
white,710,0.9354401724723231,3,TRUE,6
white,710,0.9354401724723231,4,TRUE,7
white,710,0.9354401724723231,5,TRUE,8
white,710,0.9354401724723231,6,TRUE,9
white,710,0.9354401724723231,7,TRUE,10
white,710,0.9354401724723231,8,TRUE,11
white,710,0.9354401724723231,9,TRUE,12
white,710,0.9354401724723231,10,TRUE,13
white,710,0.9354401724723231,11,TRUE,14
white,710,0.9354401724723231,12,TRUE,15
white,710,0.9354401724723231,13,TRUE,16
white,710,0.9354401724723231,14,TRUE,17
white,710,0.9354401724723231,15,TRUE,18
white,710,0.9354401724723231,16,TRUE,19
white,710,0.9354401724723231,17,TRUE,20
white,710,0.9354401724723231,18,TRUE,21
white,710,0.9354401724723231,19,TRUE,22
white,710,0.9354401724723231,20,TRUE,23
white,710,0.9354401724723231,21,TRUE,24
white,710,0.9354401724723231,22,TRUE,25
white,715,0.9391989686265279,1,TRUE,4
white,715,0.9391989686265279,2,TRUE,5
white,715,0.9391989686265279,3,TRUE,6
white,715,0.9391989686265279,4,TRUE,7
white,715,0.9391989686265279,5,TRUE,8
white,715,0.9391989686265279,6,TRUE,9
white,715,0.9391989686265279,7,TRUE,10
white,715,0.9391989686265279,8,TRUE,11
white,715,0.9391989686265279,9,TRUE,12
white,715,0.9391989686265279,10,TRUE,13
white,715,0.9391989686265279,11,TRUE,14
white,715,0.9391989686265279,12,TRUE,15
white,715,0.9391989686265279,13,TRUE,16
white,715,0.9391989686265279,14,TRUE,17
white,715,0.9391989686265279,15,TRUE,18
white,715,0.9391989686265279,16,TRUE,19
white,715,0.9391989686265279,17,TRUE,20
white,715,0.9391989686265279,18,TRUE,21
white,715,0.9391989686265279,19,TRUE,22
white,715,0.9391989686265279,20,TRUE,23
white,715,0.9391989686265279,21,TRUE,24
white,715,0.9391989686265279,22,TRUE,25
white,715,0.9391989686265279,23,TRUE,26
white,720,0.9427523134842034,1,TRUE,4
white,720,0.9427523134842034,2,TRUE,5
white,720,0.9427523134842034,3,TRUE,6
white,720,0.9427523134842034,4,TRUE,7
white,720,0.9427523134842034,5,TRUE,8
white,720,0.9427523134842034,6,TRUE,9
white,720,0.9427523134842034,7,TRUE,10
white,720,0.9427523134842034,8,TRUE,11
white,720,0.9427523134842034,9,TRUE,12
white,720,0.9427523134842034,10,TRUE,13
white,720,0.9427523134842034,11,TRUE,14
white,720,0.9427523134842034,12,TRUE,15
white,720,0.9427523134842034,13,TRUE,16
white,720,0.9427523134842034,14,TRUE,17
white,720,0.9427523134842034,15,TRUE,18
white,720,0.9427523134842034,16,TRUE,19
white,720,0.9427523134842034,17,TRUE,20
white,720,0.9427523134842034,18,TRUE,21
white,720,0.9427523134842034,19,TRUE,22
white,720,0.9427523134842034,20,TRUE,23
white,720,0.9427523134842034,21,TRUE,24
white,720,0.9427523134842034,22,TRUE,25
white,720,0.9427523134842034,23,TRUE,26
white,720,0.9427523134842034,24,TRUE,27
white,720,0.9427523134842034,25,TRUE,28
white,725,0.9461099086970403,1,TRUE,4
white,725,0.9461099086970403,2,TRUE,5
white,725,0.9461099086970403,3,TRUE,6
white,725,0.9461099086970403,4,TRUE,7
white,725,0.9461099086970403,5,TRUE,8
white,725,0.9461099086970403,6,TRUE,9
white,725,0.9461099086970403,7,TRUE,10
white,725,0.9461099086970403,8,TRUE,11
white,725,0.9461099086970403,9,TRUE,12
white,725,0.9461099086970403,10,TRUE,13
white,725,0.9461099086970403,11,TRUE,14
white,725,0.9461099086970403,12,TRUE,15
white,725,0.9461099086970403,13,TRUE,16
white,725,0.9461099086970403,14,TRUE,17
white,725,0.9461099086970403,15,TRUE,18
white,725,0.9461099086970403,16,TRUE,19
white,725,0.9461099086970403,17,TRUE,20
white,725,0.9461099086970403,18,TRUE,21
white,725,0.9461099086970403,19,TRUE,22
white,725,0.9461099086970403,20,TRUE,23
white,725,0.9461099086970403,21,TRUE,24
white,725,0.9461099086970403,22,TRUE,25
white,725,0.9461099086970403,23,TRUE,26
white,725,0.9461099086970403,24,TRUE,27
white,725,0.9461099086970403,25,TRUE,28
white,725,0.9461099086970403,26,TRUE,29
white,730,0.9492811741240091,1,TRUE,4
white,730,0.9492811741240091,2,TRUE,5
white,730,0.9492811741240091,3,TRUE,6
white,730,0.9492811741240091,4,TRUE,7
white,730,0.9492811741240091,5,TRUE,8
white,730,0.9492811741240091,6,TRUE,9
white,730,0.9492811741240091,7,TRUE,10
white,730,0.9492811741240091,8,TRUE,11
white,730,0.9492811741240091,9,TRUE,12
white,730,0.9492811741240091,10,TRUE,13
white,730,0.9492811741240091,11,TRUE,14
white,730,0.9492811741240091,12,TRUE,15
white,730,0.9492811741240091,13,TRUE,16
white,730,0.9492811741240091,14,TRUE,17
white,730,0.9492811741240091,15,TRUE,18
white,730,0.9492811741240091,16,TRUE,19
white,730,0.9492811741240091,17,TRUE,20
white,730,0.9492811741240091,18,TRUE,21
white,730,0.9492811741240091,19,TRUE,22
white,730,0.9492811741240091,20,TRUE,23
white,730,0.9492811741240091,21,TRUE,24
white,730,0.9492811741240091,22,TRUE,25
white,730,0.9492811741240091,23,TRUE,26
white,730,0.9492811741240091,24,TRUE,27
white,730,0.9492811741240091,25,TRUE,28
white,730,0.9492811741240091,26,TRUE,29
white,735,0.9522752340348901,1,TRUE,3
white,735,0.9522752340348901,2,TRUE,4
white,735,0.9522752340348901,3,TRUE,5
white,735,0.9522752340348901,4,TRUE,6
white,735,0.9522752340348901,5,TRUE,7
white,735,0.9522752340348901,6,TRUE,8
white,735,0.9522752340348901,7,TRUE,9
white,735,0.9522752340348901,8,TRUE,10
white,735,0.9522752340348901,9,TRUE,11
white,735,0.9522752340348901,10,TRUE,12
white,735,0.9522752340348901,11,TRUE,13
white,735,0.9522752340348901,12,TRUE,14
white,735,0.9522752340348901,13,TRUE,15
white,735,0.9522752340348901,14,TRUE,16
white,735,0.9522752340348901,15,TRUE,17
white,735,0.9522752340348901,16,TRUE,18
white,735,0.9522752340348901,17,TRUE,19
white,735,0.9522752340348901,18,TRUE,20
white,735,0.9522752340348901,19,TRUE,21
white,735,0.9522752340348901,20,TRUE,22
white,735,0.9522752340348901,21,TRUE,23
white,735,0.9522752340348901,22,TRUE,24
white,735,0.9522752340348901,23,TRUE,25
white,735,0.9522752340348901,24,TRUE,26
white,735,0.9522752340348901,25,TRUE,27
white,735,0.9522752340348901,26,TRUE,28
white,740,0.9551009068284978,1,TRUE,3
white,740,0.9551009068284978,2,TRUE,4
white,740,0.9551009068284978,3,TRUE,5
white,740,0.9551009068284978,4,TRUE,6
white,740,0.9551009068284978,5,TRUE,7
white,740,0.9551009068284978,6,TRUE,8
white,740,0.9551009068284978,7,TRUE,9
white,740,0.9551009068284978,8,TRUE,10
white,740,0.9551009068284978,9,TRUE,11
white,740,0.9551009068284978,10,TRUE,12
white,740,0.9551009068284978,11,TRUE,13
white,740,0.9551009068284978,12,TRUE,14
white,740,0.9551009068284978,13,TRUE,15
white,740,0.9551009068284978,14,TRUE,16
white,740,0.9551009068284978,15,TRUE,17
white,740,0.9551009068284978,16,TRUE,18
white,740,0.9551009068284978,17,TRUE,19
white,740,0.9551009068284978,18,TRUE,20
white,740,0.9551009068284978,19,TRUE,21
white,740,0.9551009068284978,20,TRUE,22
white,740,0.9551009068284978,21,TRUE,23
white,740,0.9551009068284978,22,TRUE,24
white,740,0.9551009068284978,23,TRUE,25
white,740,0.9551009068284978,24,TRUE,26
white,740,0.9551009068284978,25,TRUE,27
white,740,0.9551009068284978,26,TRUE,28
white,740,0.9551009068284978,27,TRUE,29
white,745,0.9577666978891559,1,TRUE,3
white,745,0.9577666978891559,2,TRUE,4
white,745,0.9577666978891559,3,TRUE,5
white,745,0.9577666978891559,4,TRUE,6
white,745,0.9577666978891559,5,TRUE,7
white,745,0.9577666978891559,6,TRUE,8
white,745,0.9577666978891559,7,TRUE,9
white,745,0.9577666978891559,8,TRUE,10
white,745,0.9577666978891559,9,TRUE,11
white,745,0.9577666978891559,10,TRUE,12
white,745,0.9577666978891559,11,TRUE,13
white,745,0.9577666978891559,12,TRUE,14
white,745,0.9577666978891559,13,TRUE,15
white,745,0.9577666978891559,14,TRUE,16
white,745,0.9577666978891559,15,TRUE,17
white,745,0.9577666978891559,16,TRUE,18
white,745,0.9577666978891559,17,TRUE,19
white,745,0.9577666978891559,18,TRUE,20
white,745,0.9577666978891559,19,TRUE,21
white,745,0.9577666978891559,20,TRUE,22
white,745,0.9577666978891559,21,TRUE,23
white,745,0.9577666978891559,22,TRUE,24
white,745,0.9577666978891559,23,TRUE,25
white,745,0.9577666978891559,24,TRUE,26
white,745,0.9577666978891559,25,TRUE,27
white,745,0.9577666978891559,26,TRUE,28
white,745,0.9577666978891559,27,TRUE,29
white,750,0.9602807952253782,1,TRUE,3
white,750,0.9602807952253782,2,TRUE,4
white,750,0.9602807952253782,3,TRUE,5
white,750,0.9602807952253782,4,TRUE,6
white,750,0.9602807952253782,5,TRUE,7
white,750,0.9602807952253782,6,TRUE,8
white,750,0.9602807952253782,7,TRUE,9
white,750,0.9602807952253782,8,TRUE,10
white,750,0.9602807952253782,9,TRUE,11
white,750,0.9602807952253782,10,TRUE,12
white,750,0.9602807952253782,11,TRUE,13
white,750,0.9602807952253782,12,TRUE,14
white,750,0.9602807952253782,13,TRUE,15
white,750,0.9602807952253782,14,TRUE,16
white,750,0.9602807952253782,15,TRUE,17
white,750,0.9602807952253782,16,TRUE,18
white,750,0.9602807952253782,17,TRUE,19
white,750,0.9602807952253782,18,TRUE,20
white,750,0.9602807952253782,19,TRUE,21
white,750,0.9602807952253782,20,TRUE,22
white,750,0.9602807952253782,21,TRUE,23
white,750,0.9602807952253782,22,TRUE,24
white,750,0.9602807952253782,23,TRUE,25
white,750,0.9602807952253782,24,TRUE,26
white,750,0.9602807952253782,25,TRUE,27
white,750,0.9602807952253782,26,TRUE,28
white,750,0.9602807952253782,27,TRUE,29
white,750,0.9602807952253782,28,TRUE,30
white,755,0.9626510675568597,1,TRUE,3
white,755,0.9626510675568597,2,TRUE,4
white,755,0.9626510675568597,3,TRUE,5
white,755,0.9626510675568597,4,TRUE,6
white,755,0.9626510675568597,5,TRUE,7
white,755,0.9626510675568597,6,TRUE,8
white,755,0.9626510675568597,7,TRUE,9
white,755,0.9626510675568597,8,TRUE,10
white,755,0.9626510675568597,9,TRUE,11
white,755,0.9626510675568597,10,TRUE,12
white,755,0.9626510675568597,11,TRUE,13
white,755,0.9626510675568597,12,TRUE,14
white,755,0.9626510675568597,13,TRUE,15
white,755,0.9626510675568597,14,TRUE,16
white,755,0.9626510675568597,15,TRUE,17
white,755,0.9626510675568597,16,TRUE,18
white,755,0.9626510675568597,17,TRUE,19
white,755,0.9626510675568597,18,TRUE,20
white,755,0.9626510675568597,19,TRUE,21
white,755,0.9626510675568597,20,TRUE,22
white,755,0.9626510675568597,21,TRUE,23
white,755,0.9626510675568597,22,TRUE,24
white,755,0.9626510675568597,23,TRUE,25
white,755,0.9626510675568597,24,TRUE,26
white,755,0.9626510675568597,25,TRUE,27
white,755,0.9626510675568597,26,TRUE,28
white,755,0.9626510675568597,27,TRUE,29
white,755,0.9626510675568597,28,TRUE,30
white,755,0.9626510675568597,29,TRUE,31
white,760,0.9648850645390551,1,TRUE,3
white,760,0.9648850645390551,2,TRUE,4
white,760,0.9648850645390551,3,TRUE,5
white,760,0.9648850645390551,4,TRUE,6
white,760,0.9648850645390551,5,TRUE,7
white,760,0.9648850645390551,6,TRUE,8
white,760,0.9648850645390551,7,TRUE,9
white,760,0.9648850645390551,8,TRUE,10
white,760,0.9648850645390551,9,TRUE,11
white,760,0.9648850645390551,10,TRUE,12
white,760,0.9648850645390551,11,TRUE,13
white,760,0.9648850645390551,12,TRUE,14
white,760,0.9648850645390551,13,TRUE,15
white,760,0.9648850645390551,14,TRUE,16
white,760,0.9648850645390551,15,TRUE,17
white,760,0.9648850645390551,16,TRUE,18
white,760,0.9648850645390551,17,TRUE,19
white,760,0.9648850645390551,18,TRUE,20
white,760,0.9648850645390551,19,TRUE,21
white,760,0.9648850645390551,20,TRUE,22
white,760,0.9648850645390551,21,TRUE,23
white,760,0.9648850645390551,22,TRUE,24
white,760,0.9648850645390551,23,TRUE,25
white,760,0.9648850645390551,24,TRUE,26
white,760,0.9648850645390551,25,TRUE,27
white,760,0.9648850645390551,26,TRUE,28
white,760,0.9648850645390551,27,TRUE,29
white,760,0.9648850645390551,28,TRUE,30
white,760,0.9648850645390551,29,TRUE,31
white,760,0.9648850645390551,30,TRUE,32
white,765,0.9669900188382238,1,TRUE,3
white,765,0.9669900188382238,2,TRUE,4
white,765,0.9669900188382238,3,TRUE,5
white,765,0.9669900188382238,4,TRUE,6
white,765,0.9669900188382238,5,TRUE,7
white,765,0.9669900188382238,6,TRUE,8
white,765,0.9669900188382238,7,TRUE,9
white,765,0.9669900188382238,8,TRUE,10
white,765,0.9669900188382238,9,TRUE,11
white,765,0.9669900188382238,10,TRUE,12
white,765,0.9669900188382238,11,TRUE,13
white,765,0.9669900188382238,12,TRUE,14
white,765,0.9669900188382238,13,TRUE,15
white,765,0.9669900188382238,14,TRUE,16
white,765,0.9669900188382238,15,TRUE,17
white,765,0.9669900188382238,16,TRUE,18
white,765,0.9669900188382238,17,TRUE,19
white,765,0.9669900188382238,18,TRUE,20
white,765,0.9669900188382238,19,TRUE,21
white,765,0.9669900188382238,20,TRUE,22
white,765,0.9669900188382238,21,TRUE,23
white,765,0.9669900188382238,22,TRUE,24
white,765,0.9669900188382238,23,TRUE,25
white,765,0.9669900188382238,24,TRUE,26
white,765,0.9669900188382238,25,TRUE,27
white,765,0.9669900188382238,26,TRUE,28
white,765,0.9669900188382238,27,TRUE,29
white,765,0.9669900188382238,28,TRUE,30
white,765,0.9669900188382238,29,TRUE,31
white,765,0.9669900188382238,30,TRUE,32
white,765,0.9669900188382238,31,TRUE,33
white,770,0.9689728497933892,1,TRUE,3
white,770,0.9689728497933892,2,TRUE,4
white,770,0.9689728497933892,3,TRUE,5
white,770,0.9689728497933892,4,TRUE,6
white,770,0.9689728497933892,5,TRUE,7
white,770,0.9689728497933892,6,TRUE,8
white,770,0.9689728497933892,7,TRUE,9
white,770,0.9689728497933892,8,TRUE,10
white,770,0.9689728497933892,9,TRUE,11
white,770,0.9689728497933892,10,TRUE,12
white,770,0.9689728497933892,11,TRUE,13
white,770,0.9689728497933892,12,TRUE,14
white,770,0.9689728497933892,13,TRUE,15
white,770,0.9689728497933892,14,TRUE,16
white,770,0.9689728497933892,15,TRUE,17
white,770,0.9689728497933892,16,TRUE,18
white,770,0.9689728497933892,17,TRUE,19
white,770,0.9689728497933892,18,TRUE,20
white,770,0.9689728497933892,19,TRUE,21
white,770,0.9689728497933892,20,TRUE,22
white,770,0.9689728497933892,21,TRUE,23
white,770,0.9689728497933892,22,TRUE,24
white,770,0.9689728497933892,23,TRUE,25
white,770,0.9689728497933892,24,TRUE,26
white,770,0.9689728497933892,25,TRUE,27
white,770,0.9689728497933892,26,TRUE,28
white,770,0.9689728497933892,27,TRUE,29
white,770,0.9689728497933892,28,TRUE,30
white,770,0.9689728497933892,29,TRUE,31
white,770,0.9689728497933892,30,TRUE,32
white,770,0.9689728497933892,31,TRUE,33
white,770,0.9689728497933892,32,TRUE,34
white,775,0.9708401684247892,1,TRUE,1
white,775,0.9708401684247892,2,TRUE,2
white,775,0.9708401684247892,3,TRUE,3
white,775,0.9708401684247892,4,TRUE,4
white,775,0.9708401684247892,5,TRUE,5
white,775,0.9708401684247892,6,TRUE,6
white,775,0.9708401684247892,7,TRUE,7
white,775,0.9708401684247892,8,TRUE,8
white,775,0.9708401684247892,9,TRUE,9
white,775,0.9708401684247892,10,TRUE,10
white,775,0.9708401684247892,11,TRUE,11
white,775,0.9708401684247892,12,TRUE,12
white,775,0.9708401684247892,13,TRUE,13
white,775,0.9708401684247892,14,TRUE,14
white,775,0.9708401684247892,15,TRUE,15
white,775,0.9708401684247892,16,TRUE,16
white,775,0.9708401684247892,17,TRUE,17
white,775,0.9708401684247892,18,TRUE,18
white,775,0.9708401684247892,19,TRUE,19
white,775,0.9708401684247892,20,TRUE,20
white,775,0.9708401684247892,21,TRUE,21
white,775,0.9708401684247892,22,TRUE,22
white,775,0.9708401684247892,23,TRUE,23
white,775,0.9708401684247892,24,TRUE,24
white,775,0.9708401684247892,25,TRUE,25
white,775,0.9708401684247892,26,TRUE,26
white,775,0.9708401684247892,27,TRUE,27
white,775,0.9708401684247892,28,TRUE,28
white,775,0.9708401684247892,29,TRUE,29
white,775,0.9708401684247892,30,TRUE,30
white,775,0.9708401684247892,31,TRUE,31
white,775,0.9708401684247892,32,TRUE,32
white,775,0.9708401684247892,33,TRUE,33
white,775,0.9708401684247892,34,TRUE,34
white,775,0.9708401684247892,35,TRUE,35
white,780,0.9725982835708012,1,TRUE,1
white,780,0.9725982835708012,2,TRUE,2
white,780,0.9725982835708012,3,TRUE,3
white,780,0.9725982835708012,4,TRUE,4
white,780,0.9725982835708012,5,TRUE,5
white,780,0.9725982835708012,6,TRUE,6
white,780,0.9725982835708012,7,TRUE,7
white,780,0.9725982835708012,8,TRUE,8
white,780,0.9725982835708012,9,TRUE,9
white,780,0.9725982835708012,10,TRUE,10
white,780,0.9725982835708012,11,TRUE,11
white,780,0.9725982835708012,12,TRUE,12
white,780,0.9725982835708012,13,TRUE,13
white,780,0.9725982835708012,14,TRUE,14
white,780,0.9725982835708012,15,TRUE,15
white,780,0.9725982835708012,16,TRUE,16
white,780,0.9725982835708012,17,TRUE,17
white,780,0.9725982835708012,18,TRUE,18
white,780,0.9725982835708012,19,TRUE,19
white,780,0.9725982835708012,20,TRUE,20
white,780,0.9725982835708012,21,TRUE,21
white,780,0.9725982835708012,22,TRUE,22
white,780,0.9725982835708012,23,TRUE,23
white,780,0.9725982835708012,24,TRUE,24
white,780,0.9725982835708012,25,TRUE,25
white,780,0.9725982835708012,26,TRUE,26
white,780,0.9725982835708012,27,TRUE,27
white,780,0.9725982835708012,28,TRUE,28
white,780,0.9725982835708012,29,TRUE,29
white,780,0.9725982835708012,30,TRUE,30
white,780,0.9725982835708012,31,TRUE,31
white,780,0.9725982835708012,32,TRUE,32
white,780,0.9725982835708012,33,TRUE,33
white,780,0.9725982835708012,34,TRUE,34
white,780,0.9725982835708012,35,TRUE,35
white,780,0.9725982835708012,36,TRUE,36
white,780,0.9725982835708012,37,TRUE,37
white,780,0.9725982835708012,38,TRUE,38
white,780,0.9725982835708012,39,TRUE,39
white,785,0.9742532089567825,1,TRUE,1
white,785,0.9742532089567825,2,TRUE,2
white,785,0.9742532089567825,3,TRUE,3
white,785,0.9742532089567825,4,TRUE,4
white,785,0.9742532089567825,5,TRUE,5
white,785,0.9742532089567825,6,TRUE,6
white,785,0.9742532089567825,7,TRUE,7
white,785,0.9742532089567825,8,TRUE,8
white,785,0.9742532089567825,9,TRUE,9
white,785,0.9742532089567825,10,TRUE,10
white,785,0.9742532089567825,11,TRUE,11
white,785,0.9742532089567825,12,TRUE,12
white,785,0.9742532089567825,13,TRUE,13
white,785,0.9742532089567825,14,TRUE,14
white,785,0.9742532089567825,15,TRUE,15
white,785,0.9742532089567825,16,TRUE,16
white,785,0.9742532089567825,17,TRUE,17
white,785,0.9742532089567825,18,TRUE,18
white,785,0.9742532089567825,19,TRUE,19
white,785,0.9742532089567825,20,TRUE,20
white,785,0.9742532089567825,21,TRUE,21
white,785,0.9742532089567825,22,TRUE,22
white,785,0.9742532089567825,23,TRUE,23
white,785,0.9742532089567825,24,TRUE,24
white,785,0.9742532089567825,25,TRUE,25
white,785,0.9742532089567825,26,TRUE,26
white,785,0.9742532089567825,27,TRUE,27
white,785,0.9742532089567825,28,TRUE,28
white,785,0.9742532089567825,29,TRUE,29
white,785,0.9742532089567825,30,TRUE,30
white,785,0.9742532089567825,31,TRUE,31
white,785,0.9742532089567825,32,TRUE,32
white,785,0.9742532089567825,33,TRUE,33
white,785,0.9742532089567825,34,TRUE,34
white,785,0.9742532089567825,35,TRUE,35
white,785,0.9742532089567825,36,TRUE,36
white,785,0.9742532089567825,37,TRUE,37
white,785,0.9742532089567825,38,TRUE,38
white,785,0.9742532089567825,39,TRUE,39
white,785,0.9742532089567825,40,TRUE,40
white,785,0.9742532089567825,41,TRUE,41
white,785,0.9742532089567825,42,TRUE,42
white,790,0.9758106710196027,1,TRUE,1
white,790,0.9758106710196027,2,TRUE,2
white,790,0.9758106710196027,3,TRUE,3
white,790,0.9758106710196027,4,TRUE,4
white,790,0.9758106710196027,5,TRUE,5
white,790,0.9758106710196027,6,TRUE,6
white,790,0.9758106710196027,7,TRUE,7
white,790,0.9758106710196027,8,TRUE,8
white,790,0.9758106710196027,9,TRUE,9
white,790,0.9758106710196027,10,TRUE,10
white,790,0.9758106710196027,11,TRUE,11
white,790,0.9758106710196027,12,TRUE,12
white,790,0.9758106710196027,13,TRUE,13
white,790,0.9758106710196027,14,TRUE,14
white,790,0.9758106710196027,15,TRUE,15
white,790,0.9758106710196027,16,TRUE,16
white,790,0.9758106710196027,17,TRUE,17
white,790,0.9758106710196027,18,TRUE,18
white,790,0.9758106710196027,19,TRUE,19
white,790,0.9758106710196027,20,TRUE,20
white,790,0.9758106710196027,21,TRUE,21
white,790,0.9758106710196027,22,TRUE,22
white,790,0.9758106710196027,23,TRUE,23
white,790,0.9758106710196027,24,TRUE,24
white,790,0.9758106710196027,25,TRUE,25
white,790,0.9758106710196027,26,TRUE,26
white,790,0.9758106710196027,27,TRUE,27
white,790,0.9758106710196027,28,TRUE,28
white,790,0.9758106710196027,29,TRUE,29
white,790,0.9758106710196027,30,TRUE,30
white,790,0.9758106710196027,31,TRUE,31
white,790,0.9758106710196027,32,TRUE,32
white,790,0.9758106710196027,33,TRUE,33
white,790,0.9758106710196027,34,TRUE,34
white,790,0.9758106710196027,35,TRUE,35
white,790,0.9758106710196027,36,TRUE,36
white,790,0.9758106710196027,37,TRUE,37
white,790,0.9758106710196027,38,TRUE,38
white,790,0.9758106710196027,39,TRUE,39
white,790,0.9758106710196027,40,TRUE,40
white,790,0.9758106710196027,41,TRUE,41
white,790,0.9758106710196027,42,TRUE,42
white,795,0.9772761173307719,1,TRUE,1
white,795,0.9772761173307719,2,TRUE,2
white,795,0.9772761173307719,3,TRUE,3
white,795,0.9772761173307719,4,TRUE,4
white,795,0.9772761173307719,5,TRUE,5
white,795,0.9772761173307719,6,TRUE,6
white,795,0.9772761173307719,7,TRUE,7
white,795,0.9772761173307719,8,TRUE,8
white,795,0.9772761173307719,9,TRUE,9
white,795,0.9772761173307719,10,TRUE,10
white,795,0.9772761173307719,11,TRUE,11
white,795,0.9772761173307719,12,TRUE,12
white,795,0.9772761173307719,13,TRUE,13
white,795,0.9772761173307719,14,TRUE,14
white,795,0.9772761173307719,15,TRUE,15
white,795,0.9772761173307719,16,TRUE,16
white,795,0.9772761173307719,17,TRUE,17
white,795,0.9772761173307719,18,TRUE,18
white,795,0.9772761173307719,19,TRUE,19
white,795,0.9772761173307719,20,TRUE,20
white,795,0.9772761173307719,21,TRUE,21
white,795,0.9772761173307719,22,TRUE,22
white,795,0.9772761173307719,23,TRUE,23
white,795,0.9772761173307719,24,TRUE,24
white,795,0.9772761173307719,25,TRUE,25
white,795,0.9772761173307719,26,TRUE,26
white,795,0.9772761173307719,27,TRUE,27
white,795,0.9772761173307719,28,TRUE,28
white,795,0.9772761173307719,29,TRUE,29
white,795,0.9772761173307719,30,TRUE,30
white,795,0.9772761173307719,31,TRUE,31
white,795,0.9772761173307719,32,TRUE,32
white,795,0.9772761173307719,33,TRUE,33
white,795,0.9772761173307719,34,TRUE,34
white,795,0.9772761173307719,35,TRUE,35
white,795,0.9772761173307719,36,TRUE,36
white,795,0.9772761173307719,37,TRUE,37
white,795,0.9772761173307719,38,TRUE,38
white,795,0.9772761173307719,39,TRUE,39
white,795,0.9772761173307719,40,TRUE,40
white,795,0.9772761173307719,41,TRUE,41
white,795,0.9772761173307719,42,TRUE,42
white,795,0.9772761173307719,43,TRUE,43
white,795,0.9772761173307719,44,TRUE,44
white,795,0.9772761173307719,45,TRUE,45
white,795,0.9772761173307719,46,TRUE,46
white,800,0.978654725478895,1,TRUE,1
white,800,0.978654725478895,2,TRUE,2
white,800,0.978654725478895,3,TRUE,3
white,800,0.978654725478895,4,TRUE,4
white,800,0.978654725478895,5,TRUE,5
white,800,0.978654725478895,6,TRUE,6
white,800,0.978654725478895,7,TRUE,7
white,800,0.978654725478895,8,TRUE,8
white,800,0.978654725478895,9,TRUE,9
white,800,0.978654725478895,10,TRUE,10
white,800,0.978654725478895,11,TRUE,11
white,800,0.978654725478895,12,TRUE,12
white,800,0.978654725478895,13,TRUE,13
white,800,0.978654725478895,14,TRUE,14
white,800,0.978654725478895,15,TRUE,15
white,800,0.978654725478895,16,TRUE,16
white,800,0.978654725478895,17,TRUE,17
white,800,0.978654725478895,18,TRUE,18
white,800,0.978654725478895,19,TRUE,19
white,800,0.978654725478895,20,TRUE,20
white,800,0.978654725478895,21,TRUE,21
white,800,0.978654725478895,22,TRUE,22
white,800,0.978654725478895,23,TRUE,23
white,800,0.978654725478895,24,TRUE,24
white,800,0.978654725478895,25,TRUE,25
white,800,0.978654725478895,26,TRUE,26
white,800,0.978654725478895,27,TRUE,27
white,800,0.978654725478895,28,TRUE,28
white,800,0.978654725478895,29,TRUE,29
white,800,0.978654725478895,30,TRUE,30
white,800,0.978654725478895,31,TRUE,31
white,800,0.978654725478895,32,TRUE,32
white,800,0.978654725478895,33,TRUE,33
white,800,0.978654725478895,34,TRUE,34
white,800,0.978654725478895,35,TRUE,35
white,800,0.978654725478895,36,TRUE,36
white,800,0.978654725478895,37,TRUE,37
white,800,0.978654725478895,38,TRUE,38
white,800,0.978654725478895,39,TRUE,39
white,800,0.978654725478895,40,TRUE,40
white,800,0.978654725478895,41,TRUE,41
white,800,0.978654725478895,42,TRUE,42
white,800,0.978654725478895,43,TRUE,43
white,800,0.978654725478895,44,TRUE,44
white,800,0.978654725478895,45,TRUE,45
white,800,0.978654725478895,46,TRUE,46
white,805,0.9799514122887111,1,TRUE,1
white,805,0.9799514122887111,2,TRUE,2
white,805,0.9799514122887111,3,TRUE,3
white,805,0.9799514122887111,4,TRUE,4
white,805,0.9799514122887111,5,TRUE,5
white,805,0.9799514122887111,6,TRUE,6
white,805,0.9799514122887111,7,TRUE,7
white,805,0.9799514122887111,8,TRUE,8
white,805,0.9799514122887111,9,TRUE,9
white,805,0.9799514122887111,10,TRUE,10
white,805,0.9799514122887111,11,TRUE,11
white,805,0.9799514122887111,12,TRUE,12
white,805,0.9799514122887111,13,TRUE,13
white,805,0.9799514122887111,14,TRUE,14
white,805,0.9799514122887111,15,TRUE,15
white,805,0.9799514122887111,16,TRUE,16
white,805,0.9799514122887111,17,TRUE,17
white,805,0.9799514122887111,18,TRUE,18
white,805,0.9799514122887111,19,TRUE,19
white,805,0.9799514122887111,20,TRUE,20
white,805,0.9799514122887111,21,TRUE,21
white,805,0.9799514122887111,22,TRUE,22
white,805,0.9799514122887111,23,TRUE,23
white,805,0.9799514122887111,24,TRUE,24
white,805,0.9799514122887111,25,TRUE,25
white,805,0.9799514122887111,26,TRUE,26
white,805,0.9799514122887111,27,TRUE,27
white,805,0.9799514122887111,28,TRUE,28
white,805,0.9799514122887111,29,TRUE,29
white,805,0.9799514122887111,30,TRUE,30
white,805,0.9799514122887111,31,TRUE,31
white,805,0.9799514122887111,32,TRUE,32
white,805,0.9799514122887111,33,TRUE,33
white,805,0.9799514122887111,34,TRUE,34
white,805,0.9799514122887111,35,TRUE,35
white,805,0.9799514122887111,36,TRUE,36
white,805,0.9799514122887111,37,TRUE,37
white,805,0.9799514122887111,38,TRUE,38
white,805,0.9799514122887111,39,TRUE,39
white,805,0.9799514122887111,40,TRUE,40
white,805,0.9799514122887111,41,TRUE,41
white,805,0.9799514122887111,42,TRUE,42
white,805,0.9799514122887111,43,TRUE,43
white,805,0.9799514122887111,44,TRUE,44
white,805,0.9799514122887111,45,TRUE,45
white,810,0.9811708432691791,1,TRUE,1
white,810,0.9811708432691791,2,TRUE,2
white,810,0.9811708432691791,3,TRUE,3
white,810,0.9811708432691791,4,TRUE,4
white,810,0.9811708432691791,5,TRUE,5
white,810,0.9811708432691791,6,TRUE,6
white,810,0.9811708432691791,7,TRUE,7
white,810,0.9811708432691791,8,TRUE,8
white,810,0.9811708432691791,9,TRUE,9
white,810,0.9811708432691791,10,TRUE,10
white,810,0.9811708432691791,11,TRUE,11
white,810,0.9811708432691791,12,TRUE,12
white,810,0.9811708432691791,13,TRUE,13
white,810,0.9811708432691791,14,TRUE,14
white,810,0.9811708432691791,15,TRUE,15
white,810,0.9811708432691791,16,TRUE,16
white,810,0.9811708432691791,17,TRUE,17
white,810,0.9811708432691791,18,TRUE,18
white,810,0.9811708432691791,19,TRUE,19
white,810,0.9811708432691791,20,TRUE,20
white,810,0.9811708432691791,21,TRUE,21
white,810,0.9811708432691791,22,TRUE,22
white,810,0.9811708432691791,23,TRUE,23
white,810,0.9811708432691791,24,TRUE,24
white,810,0.9811708432691791,25,TRUE,25
white,810,0.9811708432691791,26,TRUE,26
white,810,0.9811708432691791,27,TRUE,27
white,810,0.9811708432691791,28,TRUE,28
white,810,0.9811708432691791,29,TRUE,29
white,810,0.9811708432691791,30,TRUE,30
white,810,0.9811708432691791,31,TRUE,31
white,810,0.9811708432691791,32,TRUE,32
white,810,0.9811708432691791,33,TRUE,33
white,810,0.9811708432691791,34,TRUE,34
white,810,0.9811708432691791,35,TRUE,35
white,810,0.9811708432691791,36,TRUE,36
white,810,0.9811708432691791,37,TRUE,37
white,810,0.9811708432691791,38,TRUE,38
white,810,0.9811708432691791,39,TRUE,39
white,810,0.9811708432691791,40,TRUE,40
white,810,0.9811708432691791,41,TRUE,41
white,810,0.9811708432691791,42,TRUE,42
white,810,0.9811708432691791,43,TRUE,43
white,810,0.9811708432691791,44,TRUE,44
white,815,0.9823174421969922,1,TRUE,1
white,815,0.9823174421969922,2,TRUE,2
white,815,0.9823174421969922,3,TRUE,3
white,815,0.9823174421969922,4,TRUE,4
white,815,0.9823174421969922,5,TRUE,5
white,815,0.9823174421969922,6,TRUE,6
white,815,0.9823174421969922,7,TRUE,7
white,815,0.9823174421969922,8,TRUE,8
white,815,0.9823174421969922,9,TRUE,9
white,815,0.9823174421969922,10,TRUE,10
white,815,0.9823174421969922,11,TRUE,11
white,815,0.9823174421969922,12,TRUE,12
white,815,0.9823174421969922,13,TRUE,13
white,815,0.9823174421969922,14,TRUE,14
white,815,0.9823174421969922,15,TRUE,15
white,815,0.9823174421969922,16,TRUE,16
white,815,0.9823174421969922,17,TRUE,17
white,815,0.9823174421969922,18,TRUE,18
white,815,0.9823174421969922,19,TRUE,19
white,815,0.9823174421969922,20,TRUE,20
white,815,0.9823174421969922,21,TRUE,21
white,815,0.9823174421969922,22,TRUE,22
white,815,0.9823174421969922,23,TRUE,23
white,815,0.9823174421969922,24,TRUE,24
white,815,0.9823174421969922,25,TRUE,25
white,815,0.9823174421969922,26,TRUE,26
white,815,0.9823174421969922,27,TRUE,27
white,815,0.9823174421969922,28,TRUE,28
white,815,0.9823174421969922,29,TRUE,29
white,815,0.9823174421969922,30,TRUE,30
white,815,0.9823174421969922,31,TRUE,31
white,815,0.9823174421969922,32,TRUE,32
white,815,0.9823174421969922,33,TRUE,33
white,815,0.9823174421969922,34,TRUE,34
white,815,0.9823174421969922,35,TRUE,35
white,815,0.9823174421969922,36,TRUE,36
white,815,0.9823174421969922,37,TRUE,37
white,815,0.9823174421969922,38,TRUE,38
white,815,0.9823174421969922,39,TRUE,39
white,815,0.9823174421969922,40,TRUE,40
white,815,0.9823174421969922,41,TRUE,41
black,365,0.14902323403430734,-1,FALSE,1
black,370,0.15732245288756677,-1,FALSE,1
black,375,0.16599370569581315,-1,FALSE,1
black,380,0.17504361896878234,-1,FALSE,1
black,385,0.1844777930558815,-1,FALSE,1
black,385,0.1844777930558815,-2,FALSE,2
black,390,0.19430067456383626,-1,FALSE,1
black,390,0.19430067456383626,-2,FALSE,2
black,395,0.20451542781903922,-1,FALSE,1
black,395,0.20451542781903922,-2,FALSE,2
black,400,0.21512380717862575,-1,FALSE,1
black,400,0.21512380717862575,-2,FALSE,2
black,405,0.2261260322186309,-1,FALSE,2
black,405,0.2261260322186309,-2,FALSE,3
black,410,0.23752066803211946,-1,FALSE,1
black,410,0.23752066803211946,-2,FALSE,2
black,415,0.2493045130448604,-1,FALSE,1
black,415,0.2493045130448604,-2,FALSE,2
black,420,0.26147249689033253,-2,FALSE,3
black,425,0.27401759096881295,-2,FALSE,3
black,430,0.2869307343366315,-2,FALSE,3
black,435,0.3002007775219126,-2,FALSE,3
black,440,0.31381444673446657,-2,FALSE,3
black,440,0.31381444673446657,-3,FALSE,4
black,445,0.3277563307244138,-2,FALSE,3
black,445,0.3277563307244138,-3,FALSE,4
black,450,0.3420088922439928,-2,FALSE,3
black,455,0.35655250568076596,-2,FALSE,3
black,455,0.35655250568076596,-3,FALSE,4
black,460,0.37136552196288253,-2,FALSE,3
black,460,0.37136552196288253,-3,FALSE,4
black,460,0.37136552196288253,-4,FALSE,5
black,465,0.38642436129724994,-3,FALSE,5
black,465,0.38642436129724994,-4,FALSE,6
black,470,0.4017036337025683,-3,FALSE,5
black,470,0.4017036337025683,-4,FALSE,6
black,475,0.4171762866583968,-3,FALSE,6
black,475,0.4171762866583968,-4,FALSE,7
black,475,0.4171762866583968,-5,FALSE,8
black,480,0.43281377852929775,-3,FALSE,6
black,480,0.43281377852929775,-4,FALSE,7
black,480,0.43281377852929775,-5,FALSE,8
black,485,0.4485862757628064,-3,FALSE,6
black,485,0.4485862757628064,-4,FALSE,7
black,485,0.4485862757628064,-5,FALSE,8
black,490,0.46446287122624075,-4,FALSE,8
black,490,0.46446287122624075,-5,FALSE,9
black,490,0.46446287122624075,-6,FALSE,10
black,495,0.4804118204651979,-4,FALSE,8
black,495,0.4804118204651979,-5,FALSE,9
black,495,0.4804118204651979,-6,FALSE,10
black,500,0.49640079215998273,-4,FALSE,8
black,500,0.49640079215998273,-5,FALSE,9
black,500,0.49640079215998273,-6,FALSE,10
black,505,0.5123971286467099,-4,FALSE,9
black,505,0.5123971286467099,-5,FALSE,10
black,505,0.5123971286467099,-6,FALSE,11
black,510,0.5283681120753212,-4,FALSE,9
black,510,0.5283681120753212,-5,FALSE,10
black,510,0.5283681120753212,-6,FALSE,11
black,515,0.5442812316103117,-4,FALSE,9
black,515,0.5442812316103117,-5,FALSE,10
black,515,0.5442812316103117,-6,FALSE,11
black,520,0.5601044470490575,-4,FALSE,10
black,520,0.5601044470490575,-5,FALSE,11
black,520,0.5601044470490575,-6,FALSE,12
black,525,0.5758064443386574,-4,FALSE,10
black,525,0.5758064443386574,-5,FALSE,11
black,525,0.5758064443386574,-6,FALSE,12
black,530,0.5913568787103964,-5,FALSE,11
black,530,0.5913568787103964,-6,FALSE,12
black,535,0.6067266015106364,-5,FALSE,11
black,535,0.6067266015106364,-6,FALSE,12
black,540,0.6218878672723317,-5,FALSE,11
black,540,0.6218878672723317,-6,FALSE,12
black,545,0.6368145181223853,-4,FALSE,11
black,545,0.6368145181223853,-5,FALSE,12
black,550,0.6514821432336658,-4,FALSE,11
black,550,0.6514821432336658,-5,FALSE,12
black,555,0.6658682116819539,-5,FALSE,13
black,555,0.6658682116819539,-6,FALSE,14
black,560,0.6799521777323727,-5,FALSE,13
black,560,0.6799521777323727,-6,FALSE,14
black,565,0.6937155582329735,-5,FALSE,13
black,565,0.6937155582329735,-6,FALSE,14
black,570,0.7071419824132282,-5,FALSE,13
black,570,0.7071419824132282,-6,FALSE,14
black,575,0.7202172149534593,-5,FALSE,14
black,575,0.7202172149534593,-6,FALSE,15
black,580,0.7329291536926648,-5,FALSE,14
black,580,0.7329291536926648,-6,FALSE,15
black,585,0.7452678037658776,-5,FALSE,14
black,585,0.7452678037658776,-6,FALSE,15
black,590,0.7572252303013973,-6,FALSE,16
black,595,0.7687954920603668,-6,FALSE,16
black,600,0.7799745585672777,-6,FALSE,17
black,605,0.7907602133644137,-5,FALSE,15
black,610,0.8011519460327962,-5,FALSE,16
black,615,0.811150835565728,-4,FALSE,15
black,620,0.8207594275685549,-4,FALSE,16
black,625,0.8299816076004457,-4,FALSE,16
black,630,0.8388224727816104,-4,FALSE,17
black,635,0.8472882035727565,-4,FALSE,18
black,640,0.8553859374023411,-4,FALSE,19
black,645,0.863123645579875,-4,FALSE,20
black,650,0.8705100146975823,-4,FALSE,20
white,345,0.11938513908464975,1,FALSE,1
white,350,0.1262787218303802,1,FALSE,1
white,355,0.1335100078441907,1,FALSE,1
white,360,0.14108852152395754,1,FALSE,1
white,365,0.14902323403430734,1,FALSE,2
white,365,0.14902323403430734,2,FALSE,3
white,370,0.15732245288756677,1,FALSE,2
white,370,0.15732245288756677,2,FALSE,3
white,375,0.16599370569581315,1,FALSE,2
white,375,0.16599370569581315,2,FALSE,3
white,380,0.17504361896878234,1,FALSE,2
white,380,0.17504361896878234,2,FALSE,3
white,385,0.1844777930558815,1,FALSE,3
white,385,0.1844777930558815,2,FALSE,4
white,390,0.19430067456383626,1,FALSE,3
white,390,0.19430067456383626,2,FALSE,4
white,395,0.20451542781903922,1,FALSE,3
white,395,0.20451542781903922,2,FALSE,4
white,400,0.21512380717862575,1,FALSE,3
white,400,0.21512380717862575,2,FALSE,4
white,405,0.2261260322186309,2,FALSE,4
white,405,0.2261260322186309,3,FALSE,5
white,410,0.23752066803211946,1,FALSE,3
white,410,0.23752066803211946,2,FALSE,4
white,415,0.2493045130448604,1,FALSE,3
white,415,0.2493045130448604,2,FALSE,4
white,420,0.26147249689033253,2,FALSE,4
white,425,0.27401759096881295,2,FALSE,4
white,430,0.2869307343366315,2,FALSE,4
white,430,0.2869307343366315,3,FALSE,5
white,435,0.3002007775219126,2,FALSE,4
white,435,0.3002007775219126,3,FALSE,5
white,440,0.31381444673446657,2,FALSE,5
white,440,0.31381444673446657,3,FALSE,6
white,445,0.3277563307244138,2,FALSE,5
white,445,0.3277563307244138,3,FALSE,6
white,450,0.3420088922439928,2,FALSE,4
white,450,0.3420088922439928,3,FALSE,5
white,455,0.35655250568076596,2,FALSE,5
white,455,0.35655250568076596,3,FALSE,6
white,455,0.35655250568076596,4,FALSE,7
white,460,0.37136552196288253,2,FALSE,6
white,460,0.37136552196288253,3,FALSE,7
white,460,0.37136552196288253,4,FALSE,8
white,465,0.38642436129724994,3,FALSE,7
white,465,0.38642436129724994,4,FALSE,8
white,465,0.38642436129724994,5,FALSE,9
white,470,0.4017036337025683,3,FALSE,7
white,470,0.4017036337025683,4,FALSE,8
white,470,0.4017036337025683,5,FALSE,9
white,475,0.4171762866583968,4,FALSE,9
white,475,0.4171762866583968,5,FALSE,10
white,475,0.4171762866583968,6,FALSE,11
white,480,0.43281377852929775,4,FALSE,9
white,480,0.43281377852929775,5,FALSE,10
white,480,0.43281377852929775,6,FALSE,11
white,485,0.4485862757628064,4,FALSE,9
white,485,0.4485862757628064,5,FALSE,10
white,485,0.4485862757628064,6,FALSE,11
white,485,0.4485862757628064,7,FALSE,12
white,490,0.46446287122624075,5,FALSE,11
white,490,0.46446287122624075,6,FALSE,12
white,490,0.46446287122624075,7,FALSE,13
white,490,0.46446287122624075,8,FALSE,14
white,495,0.4804118204651979,5,FALSE,11
white,495,0.4804118204651979,6,FALSE,12
white,495,0.4804118204651979,7,FALSE,13
white,495,0.4804118204651979,8,FALSE,14
white,500,0.49640079215998273,5,FALSE,11
white,500,0.49640079215998273,6,FALSE,12
white,500,0.49640079215998273,7,FALSE,13
white,500,0.49640079215998273,8,FALSE,14
white,500,0.49640079215998273,9,FALSE,15
white,505,0.5123971286467099,6,FALSE,12
white,505,0.5123971286467099,7,FALSE,13
white,505,0.5123971286467099,8,FALSE,14
white,505,0.5123971286467099,9,FALSE,15
white,510,0.5283681120753212,6,FALSE,12
white,510,0.5283681120753212,7,FALSE,13
white,510,0.5283681120753212,8,FALSE,14
white,510,0.5283681120753212,9,FALSE,15
white,515,0.5442812316103117,6,FALSE,12
white,515,0.5442812316103117,7,FALSE,13
white,515,0.5442812316103117,8,FALSE,14
white,515,0.5442812316103117,9,FALSE,15
white,515,0.5442812316103117,10,FALSE,16
white,520,0.5601044470490575,7,FALSE,13
white,520,0.5601044470490575,8,FALSE,14
white,520,0.5601044470490575,9,FALSE,15
white,520,0.5601044470490575,10,FALSE,16
white,525,0.5758064443386574,7,FALSE,13
white,525,0.5758064443386574,8,FALSE,14
white,525,0.5758064443386574,9,FALSE,15
white,525,0.5758064443386574,10,FALSE,16
white,530,0.5913568787103964,7,FALSE,13
white,530,0.5913568787103964,8,FALSE,14
white,530,0.5913568787103964,9,FALSE,15
white,530,0.5913568787103964,10,FALSE,16
white,535,0.6067266015106364,7,FALSE,13
white,535,0.6067266015106364,8,FALSE,14
white,535,0.6067266015106364,9,FALSE,15
white,535,0.6067266015106364,10,FALSE,16
white,540,0.6218878672723317,7,FALSE,13
white,540,0.6218878672723317,8,FALSE,14
white,540,0.6218878672723317,9,FALSE,15
white,540,0.6218878672723317,10,FALSE,16
white,545,0.6368145181223853,8,FALSE,13
white,545,0.6368145181223853,9,FALSE,14
white,545,0.6368145181223853,10,FALSE,15
white,545,0.6368145181223853,11,FALSE,16
white,550,0.6514821432336658,8,FALSE,13
white,550,0.6514821432336658,9,FALSE,14
white,550,0.6514821432336658,10,FALSE,15
white,550,0.6514821432336658,11,FALSE,16
white,555,0.6658682116819539,9,FALSE,15
white,555,0.6658682116819539,10,FALSE,16
white,555,0.6658682116819539,11,FALSE,17
white,555,0.6658682116819539,12,FALSE,18
white,560,0.6799521777323727,9,FALSE,15
white,560,0.6799521777323727,10,FALSE,16
white,560,0.6799521777323727,11,FALSE,17
white,560,0.6799521777323727,12,FALSE,18
white,565,0.6937155582329735,9,FALSE,15
white,565,0.6937155582329735,10,FALSE,16
white,565,0.6937155582329735,11,FALSE,17
white,570,0.7071419824132282,9,FALSE,15
white,570,0.7071419824132282,10,FALSE,16
white,570,0.7071419824132282,11,FALSE,17
white,575,0.7202172149534593,10,FALSE,16
white,575,0.7202172149534593,11,FALSE,17
white,575,0.7202172149534593,12,FALSE,18
white,580,0.7329291536926648,10,FALSE,16
white,580,0.7329291536926648,11,FALSE,17
white,580,0.7329291536926648,12,FALSE,18
white,585,0.7452678037658776,10,FALSE,16
white,585,0.7452678037658776,11,FALSE,17
white,585,0.7452678037658776,12,FALSE,18
white,590,0.7572252303013973,11,FALSE,17
white,590,0.7572252303013973,12,FALSE,18
white,590,0.7572252303013973,13,FALSE,19
white,595,0.7687954920603668,11,FALSE,17
white,595,0.7687954920603668,12,FALSE,18
white,595,0.7687954920603668,13,FALSE,19
white,600,0.7799745585672777,12,FALSE,18
white,600,0.7799745585672777,13,FALSE,19
white,600,0.7799745585672777,14,FALSE,20
white,605,0.7907602133644137,11,FALSE,16
white,605,0.7907602133644137,12,FALSE,17
white,605,0.7907602133644137,13,FALSE,18
white,610,0.8011519460327962,12,FALSE,17
white,610,0.8011519460327962,13,FALSE,18
white,610,0.8011519460327962,14,FALSE,19
white,615,0.811150835565728,12,FALSE,16
white,615,0.811150835565728,13,FALSE,17
white,615,0.811150835565728,14,FALSE,18
white,620,0.8207594275685549,13,FALSE,17
white,620,0.8207594275685549,14,FALSE,18
white,620,0.8207594275685549,15,FALSE,19
white,625,0.8299816076004457,13,FALSE,17
white,625,0.8299816076004457,14,FALSE,18
white,625,0.8299816076004457,15,FALSE,19
white,630,0.8388224727816104,14,FALSE,18
white,630,0.8388224727816104,15,FALSE,19
white,630,0.8388224727816104,16,FALSE,20
white,635,0.8472882035727565,15,FALSE,19
white,635,0.8472882035727565,16,FALSE,20
white,635,0.8472882035727565,17,FALSE,21
white,640,0.8553859374023411,16,FALSE,20
white,640,0.8553859374023411,17,FALSE,21
white,640,0.8553859374023411,18,FALSE,22
white,645,0.863123645579875,17,FALSE,21
white,645,0.863123645579875,18,FALSE,22
white,650,0.8705100146975823,17,FALSE,21
white,650,0.8705100146975823,18,FALSE,22
white,655,0.8775543334942131,17,FALSE,21
white,655,0.8775543334942131,18,FALSE,22
white,660,0.8842663859386121,18,FALSE,22
white,660,0.8842663859386121,19,FALSE,23
white,665,0.8906563510903843,18,FALSE,22
white,665,0.8906563510903843,19,FALSE,23
white,670,0.8967347101131449,18,FALSE,22
white,670,0.8967347101131449,19,FALSE,23
white,675,0.9025121606539273,19,FALSE,23
white,675,0.9025121606539273,20,FALSE,24
white,680,0.9079995386609249,20,FALSE,23
white,680,0.9079995386609249,21,FALSE,24
white,685,0.9132077475908188,21,FALSE,24
white,685,0.9132077475908188,22,FALSE,25
white,690,0.9181476948558157,21,FALSE,24
white,690,0.9181476948558157,22,FALSE,25
white,695,0.9228302352780872,21,FALSE,24
white,695,0.9228302352780872,22,FALSE,25
white,700,0.9272661212541891,22,FALSE,25
white,700,0.9272661212541891,23,FALSE,26
white,705,0.931465959282629,23,FALSE,26
white,705,0.931465959282629,24,FALSE,27
white,710,0.9354401724723231,23,FALSE,26
white,710,0.9354401724723231,24,FALSE,27
white,715,0.9391989686265279,24,FALSE,27
white,715,0.9391989686265279,25,FALSE,28
white,720,0.9427523134842034,26,FALSE,29
white,725,0.9461099086970403,27,FALSE,30
white,730,0.9492811741240091,27,FALSE,30
white,735,0.9522752340348901,27,FALSE,29
white,740,0.9551009068284978,28,FALSE,30
white,745,0.9577666978891559,28,FALSE,30
white,750,0.9602807952253782,29,FALSE,31
white,755,0.9626510675568597,30,FALSE,32
white,760,0.9648850645390551,31,FALSE,33
white,765,0.9669900188382238,32,FALSE,34
white,770,0.9689728497933892,33,FALSE,35
white,775,0.9708401684247892,36,FALSE,36
white,780,0.9725982835708012,40,FALSE,40
white,785,0.9742532089567825,43,FALSE,43
white,790,0.9758106710196027,43,FALSE,43
white,795,0.9772761173307719,47,FALSE,47
white,800,0.978654725478895,47,FALSE,47
white,805,0.9799514122887111,46,FALSE,46
white,810,0.9811708432691791,45,FALSE,45
white,815,0.9823174421969922,42,FALSE,42
